NAME,STATE,2000 POP.,1990 POP.
AUTAUGA COUNTY,AL,43671,34222
BALDWIN COUNTY,AL,140415,98280
BARBOUR COUNTY,AL,29038,25417
BIBB COUNTY,AL,20826,16576
BLOUNT COUNTY,AL,51024,39248
BULLOCK COUNTY,AL,11714,11042
BUTLER COUNTY,AL,21399,21892
CALHOUN COUNTY,AL,112249,116034
CHAMBERS COUNTY,AL,36583,36876
CHEROKEE COUNTY,AL,23988,19543
CHILTON COUNTY,AL,39593,32458
CHOCTAW COUNTY,AL,15922,16018
CLARKE COUNTY,AL,27867,27240
CLAY COUNTY,AL,14254,13252
CLEBURNE COUNTY,AL,14123,12730
COFFEE COUNTY,AL,43615,40240
COLBERT COUNTY,AL,54984,51666
CONECUH COUNTY,AL,14089,14054
COOSA COUNTY,AL,12202,11063
COVINGTON COUNTY,AL,37631,36478
CRENSHAW COUNTY,AL,13665,13635
CULLMAN COUNTY,AL,77483,67613
DALE COUNTY,AL,49129,49633
DALLAS COUNTY,AL,46365,48130
DEKALB COUNTY,AL,64452,54651
ELMORE COUNTY,AL,65874,49210
ESCAMBIA COUNTY,AL,38440,35518
ETOWAH COUNTY,AL,103459,99840
FAYETTE COUNTY,AL,18495,17962
FRANKLIN COUNTY,AL,31223,27814
GENEVA COUNTY,AL,25764,23647
GREENE COUNTY,AL,9974,10153
HALE COUNTY,AL,17185,15498
HENRY COUNTY,AL,16310,15374
HOUSTON COUNTY,AL,88787,81331
JACKSON COUNTY,AL,53926,47796
JEFFERSON COUNTY,AL,662047,651525
LAMAR COUNTY,AL,15904,15715
LAUDERDALE COUNTY,AL,87966,79661
LAWRENCE COUNTY,AL,34803,31513
LEE COUNTY,AL,115092,87146
LIMESTONE COUNTY,AL,65676,54135
LOWNDES COUNTY,AL,13473,12658
MACON COUNTY,AL,24105,24928
MADISON COUNTY,AL,276700,238912
MARENGO COUNTY,AL,22539,23084
MARION COUNTY,AL,31214,29830
MARSHALL COUNTY,AL,82231,70832
MOBILE COUNTY,AL,399843,378643
MONROE COUNTY,AL,24324,23968
MONTGOMERY COUNTY,AL,223510,209085
MORGAN COUNTY,AL,111064,100043
PERRY COUNTY,AL,11861,12759
PICKENS COUNTY,AL,20949,20699
PIKE COUNTY,AL,29605,27595
RANDOLPH COUNTY,AL,22380,19881
RUSSELL COUNTY,AL,49756,46860
ST. CLAIR COUNTY,AL,64742,50009
SHELBY COUNTY,AL,143293,99358
SUMTER COUNTY,AL,14798,16174
TALLADEGA COUNTY,AL,80321,74107
TALLAPOOSA COUNTY,AL,41475,38826
TUSCALOOSA COUNTY,AL,164875,150522
WALKER COUNTY,AL,70713,67670
WASHINGTON COUNTY,AL,18097,16694
WILCOX COUNTY,AL,13183,13568
WINSTON COUNTY,AL,24843,22053
ALEUTIANS EAST BOROUGH,AK,2697,2464
ALEUTIANS WEST CENSUS AREA,AK,5465,9478
ANCHORAGE BOROUGH,AK,260283,226338
BETHEL CENSUS AREA,AK,16006,13656
BRISTOL BAY BOROUGH,AK,1258,1410
DENALI BOROUGH,AK,1893,1764
DILLINGHAM CENSUS AREA,AK,4922,4012
FAIRBANKS NORTH STAR BOROUGH,AK,82840,77720
HAINES BOROUGH,AK,2392,2117
JUNEAU BOROUGH,AK,30711,26751
KENAI PENINSULA BOROUGH,AK,49691,40802
KETCHIKAN GATEWAY BOROUGH,AK,14070,13828
KODIAK ISLAND BOROUGH,AK,13913,13309
LAKE AND PENINSULA BOROUGH,AK,1823,1668
MATANUSKA-SUSITNA BOROUGH,AK,59322,39683
NOME CENSUS AREA,AK,9196,8288
NORTH SLOPE BOROUGH,AK,7385,5979
NORTHWEST ARCTIC BOROUGH,AK,7208,6113
PRINCE OF WALES-OUTER KETCHIKAN CENSUS AREA,AK,6146,6278
SITKA BOROUGH,AK,8835,8588
SKAGWAY-HOONAH-ANGOON CENSUS AREA,AK,3436,3680
SOUTHEAST FAIRBANKS CENSUS AREA,AK,6174,5913
VALDEZ-CORDOVA CENSUS AREA,AK,10195,9952
WADE HAMPTON CENSUS AREA,AK,7028,5791
WRANGELL-PETERSBURG CENSUS AREA,AK,6684,7042
YAKUTAT BOROUGH,AK,808,705
YUKON-KOYUKUK CENSUS AREA,AK,6551,6714
APACHE COUNTY,AZ,69423,61591
COCHISE COUNTY,AZ,117755,97624
COCONINO COUNTY,AZ,116320,96591
GILA COUNTY,AZ,51335,40216
GRAHAM COUNTY,AZ,33489,26554
GREENLEE COUNTY,AZ,8547,8008
LA PAZ COUNTY,AZ,19715,13844
MARICOPA COUNTY,AZ,3072149,2122101
MOHAVE COUNTY,AZ,155032,93497
NAVAJO COUNTY,AZ,97470,77658
PIMA COUNTY,AZ,843746,666880
PINAL COUNTY,AZ,179727,116379
SANTA CRUZ COUNTY,AZ,38381,29676
YAVAPAI COUNTY,AZ,167517,107714
YUMA COUNTY,AZ,160026,106895
ARKANSAS COUNTY,AR,20749,21653
ASHLEY COUNTY,AR,24209,24319
BAXTER COUNTY,AR,38386,31186
BENTON COUNTY,AR,153406,97499
BOONE COUNTY,AR,33948,28297
BRADLEY COUNTY,AR,12600,11793
CALHOUN COUNTY,AR,5744,5826
CARROLL COUNTY,AR,25357,18654
CHICOT COUNTY,AR,14117,15713
CLARK COUNTY,AR,23546,21437
CLAY COUNTY,AR,17609,18107
CLEBURNE COUNTY,AR,24046,19411
CLEVELAND COUNTY,AR,8571,7781
COLUMBIA COUNTY,AR,25603,25691
CONWAY COUNTY,AR,20336,19151
CRAIGHEAD COUNTY,AR,82148,68956
CRAWFORD COUNTY,AR,53247,42493
CRITTENDEN COUNTY,AR,50866,49939
CROSS COUNTY,AR,19526,19225
DALLAS COUNTY,AR,9210,9614
DESHA COUNTY,AR,15341,16798
DREW COUNTY,AR,18723,17369
FAULKNER COUNTY,AR,86014,60006
FRANKLIN COUNTY,AR,17771,14897
FULTON COUNTY,AR,11642,10037
GARLAND COUNTY,AR,88068,73397
GRANT COUNTY,AR,16464,13948
GREENE COUNTY,AR,37331,31804
HEMPSTEAD COUNTY,AR,23587,21621
HOT SPRING COUNTY,AR,30353,26115
HOWARD COUNTY,AR,14300,13569
INDEPENDENCE COUNTY,AR,34233,31192
IZARD COUNTY,AR,13249,11364
JACKSON COUNTY,AR,18418,18944
JEFFERSON COUNTY,AR,84278,85487
JOHNSON COUNTY,AR,22781,18221
LAFAYETTE COUNTY,AR,8559,9643
LAWRENCE COUNTY,AR,17774,17457
LEE COUNTY,AR,12580,13053
LINCOLN COUNTY,AR,14492,13690
LITTLE RIVER COUNTY,AR,13628,13966
LOGAN COUNTY,AR,22486,20557
LONOKE COUNTY,AR,52828,39268
MADISON COUNTY,AR,14243,11618
MARION COUNTY,AR,16140,12001
MILLER COUNTY,AR,40443,38467
MISSISSIPPI COUNTY,AR,51979,57525
MONROE COUNTY,AR,10254,11333
MONTGOMERY COUNTY,AR,9245,7841
NEVADA COUNTY,AR,9955,10101
NEWTON COUNTY,AR,8608,7666
OUACHITA COUNTY,AR,28790,30574
PERRY COUNTY,AR,10209,7969
PHILLIPS COUNTY,AR,26445,28838
PIKE COUNTY,AR,11303,10086
POINSETT COUNTY,AR,25614,24664
POLK COUNTY,AR,20229,17347
POPE COUNTY,AR,54469,45883
PRAIRIE COUNTY,AR,9539,9518
PULASKI COUNTY,AR,361474,349660
RANDOLPH COUNTY,AR,18195,16558
ST. FRANCIS COUNTY,AR,29329,28497
SALINE COUNTY,AR,83529,64183
SCOTT COUNTY,AR,10996,10205
SEARCY COUNTY,AR,8261,7841
SEBASTIAN COUNTY,AR,115071,99590
SEVIER COUNTY,AR,15757,13637
SHARP COUNTY,AR,17119,14109
STONE COUNTY,AR,11499,9775
UNION COUNTY,AR,45629,46719
VAN BUREN COUNTY,AR,16192,14008
WASHINGTON COUNTY,AR,157715,113409
WHITE COUNTY,AR,67165,54676
WOODRUFF COUNTY,AR,8741,9520
YELL COUNTY,AR,21139,17759
ALAMEDA COUNTY,CA,1443741,1279182
ALPINE COUNTY,CA,1208,1113
AMADOR COUNTY,CA,35100,30039
BUTTE COUNTY,CA,203171,182120
CALAVERAS COUNTY,CA,40554,31998
COLUSA COUNTY,CA,18804,16275
CONTRA COSTA COUNTY,CA,948816,803732
DEL NORTE COUNTY,CA,27507,23460
EL DORADO COUNTY,CA,156299,125995
FRESNO COUNTY,CA,799407,667490
GLENN COUNTY,CA,26453,24798
HUMBOLDT COUNTY,CA,126518,119118
IMPERIAL COUNTY,CA,142361,109303
INYO COUNTY,CA,17945,18281
KERN COUNTY,CA,661645,543477
KINGS COUNTY,CA,129461,101469
LAKE COUNTY,CA,58309,50631
LASSEN COUNTY,CA,33828,27598
LOS ANGELES COUNTY,CA,9519338,8863164
MADERA COUNTY,CA,123109,88090
MARIN COUNTY,CA,247289,230096
MARIPOSA COUNTY,CA,17130,14302
MENDOCINO COUNTY,CA,86265,80345
MERCED COUNTY,CA,210554,178403
MODOC COUNTY,CA,9449,9678
MONO COUNTY,CA,12853,9956
MONTEREY COUNTY,CA,401762,355660
NAPA COUNTY,CA,124279,110765
NEVADA COUNTY,CA,92033,78510
ORANGE COUNTY,CA,2846289,2410556
PLACER COUNTY,CA,248399,172796
PLUMAS COUNTY,CA,20824,19739
RIVERSIDE COUNTY,CA,1545387,1170413
SACRAMENTO COUNTY,CA,1223499,1041219
SAN BENITO COUNTY,CA,53234,36697
SAN BERNARDINO COUNTY,CA,1709434,1418380
SAN DIEGO COUNTY,CA,2813833,2498016
SAN FRANCISCO COUNTY,CA,776733,723959
SAN JOAQUIN COUNTY,CA,563598,480628
SAN LUIS OBISPO COUNTY,CA,246681,217162
SAN MATEO COUNTY,CA,707161,649623
SANTA BARBARA COUNTY,CA,399347,369608
SANTA CLARA COUNTY,CA,1682585,1497577
SANTA CRUZ COUNTY,CA,255602,229734
SHASTA COUNTY,CA,163256,147036
SIERRA COUNTY,CA,3555,3318
SISKIYOU COUNTY,CA,44301,43531
SOLANO COUNTY,CA,394542,340421
SONOMA COUNTY,CA,458614,388222
STANISLAUS COUNTY,CA,446997,370522
SUTTER COUNTY,CA,78930,64415
TEHAMA COUNTY,CA,56039,49625
TRINITY COUNTY,CA,13022,13063
TULARE COUNTY,CA,368021,311921
TUOLUMNE COUNTY,CA,54501,48456
VENTURA COUNTY,CA,753197,669016
YOLO COUNTY,CA,168660,141092
YUBA COUNTY,CA,60219,58228
ADAMS COUNTY,CO,363857,265038
ALAMOSA COUNTY,CO,14966,13617
ARAPAHOE COUNTY,CO,487967,391511
ARCHULETA COUNTY,CO,9898,5345
BACA COUNTY,CO,4517,4556
BENT COUNTY,CO,5998,5048
BOULDER COUNTY,CO,291288,225339
CHAFFEE COUNTY,CO,16242,12684
CHEYENNE COUNTY,CO,2231,2397
CLEAR CREEK COUNTY,CO,9322,7619
CONEJOS COUNTY,CO,8400,7453
COSTILLA COUNTY,CO,3663,3190
CROWLEY COUNTY,CO,5518,3946
CUSTER COUNTY,CO,3503,1926
DELTA COUNTY,CO,27834,20980
DENVER COUNTY,CO,554636,467610
DOLORES COUNTY,CO,1844,1504
DOUGLAS COUNTY,CO,175766,60391
EAGLE COUNTY,CO,41659,21928
ELBERT COUNTY,CO,19872,9646
EL PASO COUNTY,CO,516929,397014
FREMONT COUNTY,CO,46145,32273
GARFIELD COUNTY,CO,43791,29974
GILPIN COUNTY,CO,4757,3070
GRAND COUNTY,CO,12442,7966
GUNNISON COUNTY,CO,13956,10273
HINSDALE COUNTY,CO,790,467
HUERFANO COUNTY,CO,7862,6009
JACKSON COUNTY,CO,1577,1605
JEFFERSON COUNTY,CO,527056,438430
KIOWA COUNTY,CO,1622,1688
KIT CARSON COUNTY,CO,8011,7140
LAKE COUNTY,CO,7812,6007
LA PLATA COUNTY,CO,43941,32284
LARIMER COUNTY,CO,251494,186136
LAS ANIMAS COUNTY,CO,15207,13765
LINCOLN COUNTY,CO,6087,4529
LOGAN COUNTY,CO,20504,17567
MESA COUNTY,CO,116255,93145
MINERAL COUNTY,CO,831,558
MOFFAT COUNTY,CO,13184,11357
MONTEZUMA COUNTY,CO,23830,18672
MONTROSE COUNTY,CO,33432,24423
MORGAN COUNTY,CO,27171,21939
OTERO COUNTY,CO,20311,20185
OURAY COUNTY,CO,3742,2295
PARK COUNTY,CO,14523,7174
PHILLIPS COUNTY,CO,4480,4189
PITKIN COUNTY,CO,14872,12661
PROWERS COUNTY,CO,14483,13347
PUEBLO COUNTY,CO,141472,123051
RIO BLANCO COUNTY,CO,5986,5972
RIO GRANDE COUNTY,CO,12413,10770
ROUTT COUNTY,CO,19690,14088
SAGUACHE COUNTY,CO,5917,4619
SAN JUAN COUNTY,CO,558,745
SAN MIGUEL COUNTY,CO,6594,3653
SEDGWICK COUNTY,CO,2747,2690
SUMMIT COUNTY,CO,23548,12881
TELLER COUNTY,CO,20555,12468
WASHINGTON COUNTY,CO,4926,4812
WELD COUNTY,CO,180936,131821
YUMA COUNTY,CO,9841,8954
FAIRFIELD COUNTY,CT,882567,827645
HARTFORD COUNTY,CT,857183,851783
LITCHFIELD COUNTY,CT,182193,174092
MIDDLESEX COUNTY,CT,155071,143196
NEW HAVEN COUNTY,CT,824008,804219
NEW LONDON COUNTY,CT,259088,254957
TOLLAND COUNTY,CT,136364,128699
WINDHAM COUNTY,CT,109091,102525
KENT COUNTY,DE,126697,110993
NEW CASTLE COUNTY,DE,500265,441946
SUSSEX COUNTY,DE,156638,113229
DISTRICT OF COLUMBIA,DC,572059,606900
ALACHUA COUNTY,FL,217955,181596
BAKER COUNTY,FL,22259,18486
BAY COUNTY,FL,148217,126994
BRADFORD COUNTY,FL,26088,22515
BREVARD COUNTY,FL,476230,398978
BROWARD COUNTY,FL,1623018,1255488
CALHOUN COUNTY,FL,13017,11011
CHARLOTTE COUNTY,FL,141627,110975
CITRUS COUNTY,FL,118085,93515
CLAY COUNTY,FL,140814,105986
COLLIER COUNTY,FL,251377,152099
COLUMBIA COUNTY,FL,56513,42613
DESOTO COUNTY,FL,32209,23865
DIXIE COUNTY,FL,13827,10585
DUVAL COUNTY,FL,778879,672971
ESCAMBIA COUNTY,FL,294410,262798
FLAGLER COUNTY,FL,49832,28701
FRANKLIN COUNTY,FL,11057,8967
GADSDEN COUNTY,FL,45087,41105
GILCHRIST COUNTY,FL,14437,9667
GLADES COUNTY,FL,10576,7591
GULF COUNTY,FL,13332,11504
HAMILTON COUNTY,FL,13327,10930
HARDEE COUNTY,FL,26938,19499
HENDRY COUNTY,FL,36210,25773
HERNANDO COUNTY,FL,130802,101115
HIGHLANDS COUNTY,FL,87366,68432
HILLSBOROUGH COUNTY,FL,998948,834054
HOLMES COUNTY,FL,18564,15778
INDIAN RIVER COUNTY,FL,112947,90208
JACKSON COUNTY,FL,46755,41375
JEFFERSON COUNTY,FL,12902,11296
LAFAYETTE COUNTY,FL,7022,5578
LAKE COUNTY,FL,210528,152104
LEE COUNTY,FL,440888,335113
LEON COUNTY,FL,239452,192493
LEVY COUNTY,FL,34450,25923
LIBERTY COUNTY,FL,7021,5569
MADISON COUNTY,FL,18733,16569
MANATEE COUNTY,FL,264002,211707
MARION COUNTY,FL,258916,194833
MARTIN COUNTY,FL,126731,100900
MIAMI-DADE COUNTY,FL,2253362,1937094
MONROE COUNTY,FL,79589,78024
NASSAU COUNTY,FL,57663,43941
OKALOOSA COUNTY,FL,170498,143776
OKEECHOBEE COUNTY,FL,35910,29627
ORANGE COUNTY,FL,896344,677491
OSCEOLA COUNTY,FL,172493,107728
PALM BEACH COUNTY,FL,1131184,863518
PASCO COUNTY,FL,344765,281131
PINELLAS COUNTY,FL,921482,851659
POLK COUNTY,FL,483924,405382
PUTNAM COUNTY,FL,70423,65070
ST. JOHNS COUNTY,FL,123135,83829
ST. LUCIE COUNTY,FL,192695,150171
SANTA ROSA COUNTY,FL,117743,81608
SARASOTA COUNTY,FL,325957,277776
SEMINOLE COUNTY,FL,365196,287529
SUMTER COUNTY,FL,53345,31577
SUWANNEE COUNTY,FL,34844,26780
TAYLOR COUNTY,FL,19256,17111
UNION COUNTY,FL,13442,10252
VOLUSIA COUNTY,FL,443343,370712
WAKULLA COUNTY,FL,22863,14202
WALTON COUNTY,FL,40601,27760
WASHINGTON COUNTY,FL,20973,16919
APPLING COUNTY,GA,17419,15744
ATKINSON COUNTY,GA,7609,6213
BACON COUNTY,GA,10103,9566
BAKER COUNTY,GA,4074,3615
BALDWIN COUNTY,GA,44700,39530
BANKS COUNTY,GA,14422,10308
BARROW COUNTY,GA,46144,29721
BARTOW COUNTY,GA,76019,55911
BEN HILL COUNTY,GA,17484,16245
BERRIEN COUNTY,GA,16235,14153
BIBB COUNTY,GA,153887,149967
BLECKLEY COUNTY,GA,11666,10430
BRANTLEY COUNTY,GA,14629,11077
BROOKS COUNTY,GA,16450,15398
BRYAN COUNTY,GA,23417,15438
BULLOCH COUNTY,GA,55983,43125
BURKE COUNTY,GA,22243,20579
BUTTS COUNTY,GA,19522,15326
CALHOUN COUNTY,GA,6320,5013
CAMDEN COUNTY,GA,43664,30167
CANDLER COUNTY,GA,9577,7744
CARROLL COUNTY,GA,87268,71422
CATOOSA COUNTY,GA,53282,42464
CHARLTON COUNTY,GA,10282,8496
CHATHAM COUNTY,GA,232048,216935
CHATTAHOOCHEE COUNTY,GA,14882,16934
CHATTOOGA COUNTY,GA,25470,22242
CHEROKEE COUNTY,GA,141903,90204
CLARKE COUNTY,GA,101489,87594
CLAY COUNTY,GA,3357,3364
CLAYTON COUNTY,GA,236517,182052
CLINCH COUNTY,GA,6878,6160
COBB COUNTY,GA,607751,447745
COFFEE COUNTY,GA,37413,29592
COLQUITT COUNTY,GA,42053,36645
COLUMBIA COUNTY,GA,89288,66031
COOK COUNTY,GA,15771,13456
COWETA COUNTY,GA,89215,53853
CRAWFORD COUNTY,GA,12495,8991
CRISP COUNTY,GA,21996,20011
DADE COUNTY,GA,15154,13147
DAWSON COUNTY,GA,15999,9429
DECATUR COUNTY,GA,28240,25511
DEKALB COUNTY,GA,665865,545837
DODGE COUNTY,GA,19171,17607
DOOLY COUNTY,GA,11525,9901
DOUGHERTY COUNTY,GA,96065,96311
DOUGLAS COUNTY,GA,92174,71120
EARLY COUNTY,GA,12354,11854
ECHOLS COUNTY,GA,3754,2334
EFFINGHAM COUNTY,GA,37535,25687
ELBERT COUNTY,GA,20511,18949
EMANUEL COUNTY,GA,21837,20546
EVANS COUNTY,GA,10495,8724
FANNIN COUNTY,GA,19798,15992
FAYETTE COUNTY,GA,91263,62415
FLOYD COUNTY,GA,90565,81251
FORSYTH COUNTY,GA,98407,44083
FRANKLIN COUNTY,GA,20285,16650
FULTON COUNTY,GA,816006,648951
GILMER COUNTY,GA,23456,13368
GLASCOCK COUNTY,GA,2556,2357
GLYNN COUNTY,GA,67568,62496
GORDON COUNTY,GA,44104,35072
GRADY COUNTY,GA,23659,20279
GREENE COUNTY,GA,14406,11793
GWINNETT COUNTY,GA,588448,352910
HABERSHAM COUNTY,GA,35902,27621
HALL COUNTY,GA,139277,95428
HANCOCK COUNTY,GA,10076,8908
HARALSON COUNTY,GA,25690,21966
HARRIS COUNTY,GA,23695,17788
HART COUNTY,GA,22997,19712
HEARD COUNTY,GA,11012,8628
HENRY COUNTY,GA,119341,58741
HOUSTON COUNTY,GA,110765,89208
IRWIN COUNTY,GA,9931,8649
JACKSON COUNTY,GA,41589,30005
JASPER COUNTY,GA,11426,8453
JEFF DAVIS COUNTY,GA,12684,12032
JEFFERSON COUNTY,GA,17266,17408
JENKINS COUNTY,GA,8575,8247
JOHNSON COUNTY,GA,8560,8329
JONES COUNTY,GA,23639,20739
LAMAR COUNTY,GA,15912,13038
LANIER COUNTY,GA,7241,5531
LAURENS COUNTY,GA,44874,39988
LEE COUNTY,GA,24757,16250
LIBERTY COUNTY,GA,61610,52745
LINCOLN COUNTY,GA,8348,7442
LONG COUNTY,GA,10304,6202
LOWNDES COUNTY,GA,92115,75981
LUMPKIN COUNTY,GA,21016,14573
MCDUFFIE COUNTY,GA,21231,20119
MCINTOSH COUNTY,GA,10847,8634
MACON COUNTY,GA,14074,13114
MADISON COUNTY,GA,25730,21050
MARION COUNTY,GA,7144,5590
MERIWETHER COUNTY,GA,22534,22411
MILLER COUNTY,GA,6383,6280
MITCHELL COUNTY,GA,23932,20275
MONROE COUNTY,GA,21757,17113
MONTGOMERY COUNTY,GA,8270,7163
MORGAN COUNTY,GA,15457,12883
MURRAY COUNTY,GA,36506,26147
MUSCOGEE COUNTY,GA,186291,179278
NEWTON COUNTY,GA,62001,41808
OCONEE COUNTY,GA,26225,17618
OGLETHORPE COUNTY,GA,12635,9763
PAULDING COUNTY,GA,81678,41611
PEACH COUNTY,GA,23668,21189
PICKENS COUNTY,GA,22983,14432
PIERCE COUNTY,GA,15636,13328
PIKE COUNTY,GA,13688,10224
POLK COUNTY,GA,38127,33815
PULASKI COUNTY,GA,9588,8108
PUTNAM COUNTY,GA,18812,14137
QUITMAN COUNTY,GA,2598,2209
RABUN COUNTY,GA,15050,11648
RANDOLPH COUNTY,GA,7791,8023
RICHMOND COUNTY,GA,199775,189719
ROCKDALE COUNTY,GA,70111,54091
SCHLEY COUNTY,GA,3766,3588
SCREVEN COUNTY,GA,15374,13842
SEMINOLE COUNTY,GA,9369,9010
SPALDING COUNTY,GA,58417,54457
STEPHENS COUNTY,GA,25435,23257
STEWART COUNTY,GA,5252,5654
SUMTER COUNTY,GA,33200,30228
TALBOT COUNTY,GA,6498,6524
TALIAFERRO COUNTY,GA,2077,1915
TATTNALL COUNTY,GA,22305,17722
TAYLOR COUNTY,GA,8815,7642
TELFAIR COUNTY,GA,11794,11000
TERRELL COUNTY,GA,10970,10653
THOMAS COUNTY,GA,42737,38986
TIFT COUNTY,GA,38407,34998
TOOMBS COUNTY,GA,26067,24072
TOWNS COUNTY,GA,9319,6754
TREUTLEN COUNTY,GA,6854,5994
TROUP COUNTY,GA,58779,55536
TURNER COUNTY,GA,9504,8703
TWIGGS COUNTY,GA,10590,9806
UNION COUNTY,GA,17289,11993
UPSON COUNTY,GA,27597,26300
WALKER COUNTY,GA,61053,58340
WALTON COUNTY,GA,60687,38586
WARE COUNTY,GA,35483,35471
WARREN COUNTY,GA,6336,6078
WASHINGTON COUNTY,GA,21176,19112
WAYNE COUNTY,GA,26565,22356
WEBSTER COUNTY,GA,2390,2263
WHEELER COUNTY,GA,6179,4903
WHITE COUNTY,GA,19944,13006
WHITFIELD COUNTY,GA,83525,72462
WILCOX COUNTY,GA,8577,7008
WILKES COUNTY,GA,10687,10597
WILKINSON COUNTY,GA,10220,10228
WORTH COUNTY,GA,21967,19745
HAWAII COUNTY,HI,148677,120317
HONOLULU COUNTY,HI,876156,836231
KALAWAO COUNTY,HI,147,130
KAUAI COUNTY,HI,58463,51177
MAUI COUNTY,HI,128094,100374
ADA COUNTY,ID,300904,205775
ADAMS COUNTY,ID,3476,3254
BANNOCK COUNTY,ID,75565,66026
BEAR LAKE COUNTY,ID,6411,6084
BENEWAH COUNTY,ID,9171,7937
BINGHAM COUNTY,ID,41735,37583
BLAINE COUNTY,ID,18991,13552
BOISE COUNTY,ID,6670,3509
BONNER COUNTY,ID,36835,26622
BONNEVILLE COUNTY,ID,82522,72207
BOUNDARY COUNTY,ID,9871,8332
BUTTE COUNTY,ID,2899,2918
CAMAS COUNTY,ID,991,727
CANYON COUNTY,ID,131441,90076
CARIBOU COUNTY,ID,7304,6963
CASSIA COUNTY,ID,21416,19532
CLARK COUNTY,ID,1022,762
CLEARWATER COUNTY,ID,8930,8505
CUSTER COUNTY,ID,4342,4133
ELMORE COUNTY,ID,29130,21205
FRANKLIN COUNTY,ID,11329,9232
FREMONT COUNTY,ID,11819,10937
GEM COUNTY,ID,15181,11844
GOODING COUNTY,ID,14155,11633
IDAHO COUNTY,ID,15511,13783
JEFFERSON COUNTY,ID,19155,16543
JEROME COUNTY,ID,18342,15138
KOOTENAI COUNTY,ID,108685,69795
LATAH COUNTY,ID,34935,30617
LEMHI COUNTY,ID,7806,6899
LEWIS COUNTY,ID,3747,3516
LINCOLN COUNTY,ID,4044,3308
MADISON COUNTY,ID,27467,23674
MINIDOKA COUNTY,ID,20174,19361
NEZ PERCE COUNTY,ID,37410,33754
ONEIDA COUNTY,ID,4125,3492
OWYHEE COUNTY,ID,10644,8392
PAYETTE COUNTY,ID,20578,16434
POWER COUNTY,ID,7538,7086
SHOSHONE COUNTY,ID,13771,13931
TETON COUNTY,ID,5999,3439
TWIN FALLS COUNTY,ID,64284,53580
VALLEY COUNTY,ID,7651,6109
WASHINGTON COUNTY,ID,9977,8550
ADAMS COUNTY,IL,68277,66090
ALEXANDER COUNTY,IL,9590,10626
BOND COUNTY,IL,17633,14991
BOONE COUNTY,IL,41786,30806
BROWN COUNTY,IL,6950,5836
BUREAU COUNTY,IL,35503,35688
CALHOUN COUNTY,IL,5084,5322
CARROLL COUNTY,IL,16674,16805
CASS COUNTY,IL,13695,13437
CHAMPAIGN COUNTY,IL,179669,173025
CHRISTIAN COUNTY,IL,35372,34418
CLARK COUNTY,IL,17008,15921
CLAY COUNTY,IL,14560,14460
CLINTON COUNTY,IL,35535,33944
COLES COUNTY,IL,53196,51644
COOK COUNTY,IL,5376741,5105067
CRAWFORD COUNTY,IL,20452,19464
CUMBERLAND COUNTY,IL,11253,10670
DEKALB COUNTY,IL,88969,77932
DE WITT COUNTY,IL,16798,16516
DOUGLAS COUNTY,IL,19922,19464
DUPAGE COUNTY,IL,904161,781666
EDGAR COUNTY,IL,19704,19595
EDWARDS COUNTY,IL,6971,7440
EFFINGHAM COUNTY,IL,34264,31704
FAYETTE COUNTY,IL,21802,20893
FORD COUNTY,IL,14241,14275
FRANKLIN COUNTY,IL,39018,40319
FULTON COUNTY,IL,38250,38080
GALLATIN COUNTY,IL,6445,6909
GREENE COUNTY,IL,14761,15317
GRUNDY COUNTY,IL,37535,32337
HAMILTON COUNTY,IL,8621,8499
HANCOCK COUNTY,IL,20121,21373
HARDIN COUNTY,IL,4800,5189
HENDERSON COUNTY,IL,8213,8096
HENRY COUNTY,IL,51020,51159
IROQUOIS COUNTY,IL,31334,30787
JACKSON COUNTY,IL,59612,61067
JASPER COUNTY,IL,10117,10609
JEFFERSON COUNTY,IL,40045,37020
JERSEY COUNTY,IL,21668,20539
JO DAVIESS COUNTY,IL,22289,21821
JOHNSON COUNTY,IL,12878,11347
KANE COUNTY,IL,404119,317471
KANKAKEE COUNTY,IL,103833,96255
KENDALL COUNTY,IL,54544,39413
KNOX COUNTY,IL,55836,56393
LAKE COUNTY,IL,644356,516418
LA SALLE COUNTY,IL,111509,106913
LAWRENCE COUNTY,IL,15452,15972
LEE COUNTY,IL,36062,34392
LIVINGSTON COUNTY,IL,39678,39301
LOGAN COUNTY,IL,31183,30798
MCDONOUGH COUNTY,IL,32913,35244
MCHENRY COUNTY,IL,260077,183241
MCLEAN COUNTY,IL,150433,129180
MACON COUNTY,IL,114706,117206
MACOUPIN COUNTY,IL,49019,47679
MADISON COUNTY,IL,258941,249238
MARION COUNTY,IL,41691,41561
MARSHALL COUNTY,IL,13180,12846
MASON COUNTY,IL,16038,16269
MASSAC COUNTY,IL,15161,14752
MENARD COUNTY,IL,12486,11164
MERCER COUNTY,IL,16957,17290
MONROE COUNTY,IL,27619,22422
MONTGOMERY COUNTY,IL,30652,30728
MORGAN COUNTY,IL,36616,36397
MOULTRIE COUNTY,IL,14287,13930
OGLE COUNTY,IL,51032,45957
PEORIA COUNTY,IL,183433,182827
PERRY COUNTY,IL,23094,21412
PIATT COUNTY,IL,16365,15548
PIKE COUNTY,IL,17384,17577
POPE COUNTY,IL,4413,4373
PULASKI COUNTY,IL,7348,7523
PUTNAM COUNTY,IL,6086,5730
RANDOLPH COUNTY,IL,33893,34583
RICHLAND COUNTY,IL,16149,16545
ROCK ISLAND COUNTY,IL,149374,148723
ST. CLAIR COUNTY,IL,256082,262852
SALINE COUNTY,IL,26733,26551
SANGAMON COUNTY,IL,188951,178386
SCHUYLER COUNTY,IL,7189,7498
SCOTT COUNTY,IL,5537,5644
SHELBY COUNTY,IL,22893,22261
STARK COUNTY,IL,6332,6534
STEPHENSON COUNTY,IL,48979,48052
TAZEWELL COUNTY,IL,128485,123692
UNION COUNTY,IL,18293,17619
VERMILION COUNTY,IL,83919,88257
WABASH COUNTY,IL,12937,13111
WARREN COUNTY,IL,18735,19181
WASHINGTON COUNTY,IL,15148,14965
WAYNE COUNTY,IL,17151,17241
WHITE COUNTY,IL,15371,16522
WHITESIDE COUNTY,IL,60653,60186
WILL COUNTY,IL,502266,357313
WILLIAMSON COUNTY,IL,61296,57733
WINNEBAGO COUNTY,IL,278418,252913
WOODFORD COUNTY,IL,35469,32653
ADAMS COUNTY,IN,33625,31095
ALLEN COUNTY,IN,331849,300836
BARTHOLOMEW COUNTY,IN,71435,63657
BENTON COUNTY,IN,9421,9441
BLACKFORD COUNTY,IN,14048,14067
BOONE COUNTY,IN,46107,38147
BROWN COUNTY,IN,14957,14080
CARROLL COUNTY,IN,20165,18809
CASS COUNTY,IN,40930,38413
CLARK COUNTY,IN,96472,87777
CLAY COUNTY,IN,26556,24705
CLINTON COUNTY,IN,33866,30974
CRAWFORD COUNTY,IN,10743,9914
DAVIESS COUNTY,IN,29820,27533
DEARBORN COUNTY,IN,46109,38835
DECATUR COUNTY,IN,24555,23645
DE KALB COUNTY,IN,40285,35324
DELAWARE COUNTY,IN,118769,119659
DUBOIS COUNTY,IN,39674,36616
ELKHART COUNTY,IN,182791,156198
FAYETTE COUNTY,IN,25588,26015
FLOYD COUNTY,IN,70823,64404
FOUNTAIN COUNTY,IN,17954,17808
FRANKLIN COUNTY,IN,22151,19580
FULTON COUNTY,IN,20511,18840
GIBSON COUNTY,IN,32500,31913
GRANT COUNTY,IN,73403,74169
GREENE COUNTY,IN,33157,30410
HAMILTON COUNTY,IN,182740,108936
HANCOCK COUNTY,IN,55391,45527
HARRISON COUNTY,IN,34325,29890
HENDRICKS COUNTY,IN,104093,75717
HENRY COUNTY,IN,48508,48139
HOWARD COUNTY,IN,84964,80827
HUNTINGTON COUNTY,IN,38075,35427
JACKSON COUNTY,IN,41335,37730
JASPER COUNTY,IN,30043,24960
JAY COUNTY,IN,21806,21512
JEFFERSON COUNTY,IN,31705,29797
JENNINGS COUNTY,IN,27554,23661
JOHNSON COUNTY,IN,115209,88109
KNOX COUNTY,IN,39256,39884
KOSCIUSKO COUNTY,IN,74057,65294
LAGRANGE COUNTY,IN,34909,29477
LAKE COUNTY,IN,484564,475594
LA PORTE COUNTY,IN,110106,107066
LAWRENCE COUNTY,IN,45922,42836
MADISON COUNTY,IN,133358,130669
MARION COUNTY,IN,860454,797159
MARSHALL COUNTY,IN,45128,42182
MARTIN COUNTY,IN,10369,10369
MIAMI COUNTY,IN,36082,36897
MONROE COUNTY,IN,120563,108978
MONTGOMERY COUNTY,IN,37629,34436
MORGAN COUNTY,IN,66689,55920
NEWTON COUNTY,IN,14566,13551
NOBLE COUNTY,IN,46275,37877
OHIO COUNTY,IN,5623,5315
ORANGE COUNTY,IN,19306,18409
OWEN COUNTY,IN,21786,17281
PARKE COUNTY,IN,17241,15410
PERRY COUNTY,IN,18899,19107
PIKE COUNTY,IN,12837,12509
PORTER COUNTY,IN,146798,128932
POSEY COUNTY,IN,27061,25968
PULASKI COUNTY,IN,13755,12643
PUTNAM COUNTY,IN,36019,30315
RANDOLPH COUNTY,IN,27401,27148
RIPLEY COUNTY,IN,26523,24616
RUSH COUNTY,IN,18261,18129
ST. JOSEPH COUNTY,IN,265559,247052
SCOTT COUNTY,IN,22960,20991
SHELBY COUNTY,IN,43445,40307
SPENCER COUNTY,IN,20391,19490
STARKE COUNTY,IN,23556,22747
STEUBEN COUNTY,IN,33214,27446
SULLIVAN COUNTY,IN,21751,18993
SWITZERLAND COUNTY,IN,9065,7738
TIPPECANOE COUNTY,IN,148955,130598
TIPTON COUNTY,IN,16577,16119
UNION COUNTY,IN,7349,6976
VANDERBURGH COUNTY,IN,171922,165058
VERMILLION COUNTY,IN,16788,16773
VIGO COUNTY,IN,105848,106107
WABASH COUNTY,IN,34960,35069
WARREN COUNTY,IN,8419,8176
WARRICK COUNTY,IN,52383,44920
WASHINGTON COUNTY,IN,27223,23717
WAYNE COUNTY,IN,71097,71951
WELLS COUNTY,IN,27600,25948
WHITE COUNTY,IN,25267,23265
WHITLEY COUNTY,IN,30707,27651
ADAIR COUNTY,IA,8243,8409
ADAMS COUNTY,IA,4482,4866
ALLAMAKEE COUNTY,IA,14675,13855
APPANOOSE COUNTY,IA,13721,13743
AUDUBON COUNTY,IA,6830,7334
BENTON COUNTY,IA,25308,22429
BLACK HAWK COUNTY,IA,128012,123798
BOONE COUNTY,IA,26224,25186
BREMER COUNTY,IA,23325,22813
BUCHANAN COUNTY,IA,21093,20844
BUENA VISTA COUNTY,IA,20411,19965
BUTLER COUNTY,IA,15305,15731
CALHOUN COUNTY,IA,11115,11508
CARROLL COUNTY,IA,21421,21423
CASS COUNTY,IA,14684,15128
CEDAR COUNTY,IA,18187,17381
CERRO GORDO COUNTY,IA,46447,46733
CHEROKEE COUNTY,IA,13035,14098
CHICKASAW COUNTY,IA,13095,13295
CLARKE COUNTY,IA,9133,8287
CLAY COUNTY,IA,17372,17585
CLAYTON COUNTY,IA,18678,19054
CLINTON COUNTY,IA,50149,51040
CRAWFORD COUNTY,IA,16942,16775
DALLAS COUNTY,IA,40750,29755
DAVIS COUNTY,IA,8541,8312
DECATUR COUNTY,IA,8689,8338
DELAWARE COUNTY,IA,18404,18035
DES MOINES COUNTY,IA,42351,42614
DICKINSON COUNTY,IA,16424,14909
DUBUQUE COUNTY,IA,89143,86403
EMMET COUNTY,IA,11027,11569
FAYETTE COUNTY,IA,22008,21843
FLOYD COUNTY,IA,16900,17058
FRANKLIN COUNTY,IA,10704,11364
FREMONT COUNTY,IA,8010,8226
GREENE COUNTY,IA,10366,10045
GRUNDY COUNTY,IA,12369,12029
GUTHRIE COUNTY,IA,11353,10935
HAMILTON COUNTY,IA,16438,16071
HANCOCK COUNTY,IA,12100,12638
HARDIN COUNTY,IA,18812,19094
HARRISON COUNTY,IA,15666,14730
HENRY COUNTY,IA,20336,19226
HOWARD COUNTY,IA,9932,9809
HUMBOLDT COUNTY,IA,10381,10756
IDA COUNTY,IA,7837,8365
IOWA COUNTY,IA,15671,14630
JACKSON COUNTY,IA,20296,19950
JASPER COUNTY,IA,37213,34795
JEFFERSON COUNTY,IA,16181,16310
JOHNSON COUNTY,IA,111006,96119
JONES COUNTY,IA,20221,19444
KEOKUK COUNTY,IA,11400,11624
KOSSUTH COUNTY,IA,17163,18591
LEE COUNTY,IA,38052,38687
LINN COUNTY,IA,191701,168767
LOUISA COUNTY,IA,12183,11592
LUCAS COUNTY,IA,9422,9070
LYON COUNTY,IA,11763,11952
MADISON COUNTY,IA,14019,12483
MAHASKA COUNTY,IA,22335,21522
MARION COUNTY,IA,32052,30001
MARSHALL COUNTY,IA,39311,38276
MILLS COUNTY,IA,14547,13202
MITCHELL COUNTY,IA,10874,10928
MONONA COUNTY,IA,10020,10034
MONROE COUNTY,IA,8016,8114
MONTGOMERY COUNTY,IA,11771,12076
MUSCATINE COUNTY,IA,41722,39907
O'BRIEN COUNTY,IA,15102,15444
OSCEOLA COUNTY,IA,7003,7267
PAGE COUNTY,IA,16976,16870
PALO ALTO COUNTY,IA,10147,10669
PLYMOUTH COUNTY,IA,24849,23388
POCAHONTAS COUNTY,IA,8662,9525
POLK COUNTY,IA,374601,327140
POTTAWATTAMIE COUNTY,IA,87704,82628
POWESHIEK COUNTY,IA,18815,19033
RINGGOLD COUNTY,IA,5469,5420
SAC COUNTY,IA,11529,12324
SCOTT COUNTY,IA,158668,150979
SHELBY COUNTY,IA,13173,13230
SIOUX COUNTY,IA,31589,29903
STORY COUNTY,IA,79981,74252
TAMA COUNTY,IA,18103,17419
TAYLOR COUNTY,IA,6958,7114
UNION COUNTY,IA,12309,12750
VAN BUREN COUNTY,IA,7809,7676
WAPELLO COUNTY,IA,36051,35687
WARREN COUNTY,IA,40671,36033
WASHINGTON COUNTY,IA,20670,19612
WAYNE COUNTY,IA,6730,7067
WEBSTER COUNTY,IA,40235,40342
WINNEBAGO COUNTY,IA,11723,12122
WINNESHIEK COUNTY,IA,21310,20847
WOODBURY COUNTY,IA,103877,98276
WORTH COUNTY,IA,7909,7991
WRIGHT COUNTY,IA,14334,14269
ALLEN COUNTY,KS,14385,14638
ANDERSON COUNTY,KS,8110,7803
ATCHISON COUNTY,KS,16774,16932
BARBER COUNTY,KS,5307,5874
BARTON COUNTY,KS,28205,29382
BOURBON COUNTY,KS,15379,14966
BROWN COUNTY,KS,10724,11128
BUTLER COUNTY,KS,59482,50580
CHASE COUNTY,KS,3030,3021
CHAUTAUQUA COUNTY,KS,4359,4407
CHEROKEE COUNTY,KS,22605,21374
CHEYENNE COUNTY,KS,3165,3243
CLARK COUNTY,KS,2390,2418
CLAY COUNTY,KS,8822,9158
CLOUD COUNTY,KS,10268,11023
COFFEY COUNTY,KS,8865,8404
COMANCHE COUNTY,KS,1967,2313
COWLEY COUNTY,KS,36291,36915
CRAWFORD COUNTY,KS,38242,35568
DECATUR COUNTY,KS,3472,4021
DICKINSON COUNTY,KS,19344,18958
DONIPHAN COUNTY,KS,8249,8134
DOUGLAS COUNTY,KS,99962,81798
EDWARDS COUNTY,KS,3449,3787
ELK COUNTY,KS,3261,3327
ELLIS COUNTY,KS,27507,26004
ELLSWORTH COUNTY,KS,6525,6586
FINNEY COUNTY,KS,40523,33070
FORD COUNTY,KS,32458,27463
FRANKLIN COUNTY,KS,24784,21994
GEARY COUNTY,KS,27947,30453
GOVE COUNTY,KS,3068,3231
GRAHAM COUNTY,KS,2946,3543
GRANT COUNTY,KS,7909,7159
GRAY COUNTY,KS,5904,5396
GREELEY COUNTY,KS,1534,1774
GREENWOOD COUNTY,KS,7673,7847
HAMILTON COUNTY,KS,2670,2388
HARPER COUNTY,KS,6536,7124
HARVEY COUNTY,KS,32869,31028
HASKELL COUNTY,KS,4307,3886
HODGEMAN COUNTY,KS,2085,2177
JACKSON COUNTY,KS,12657,11525
JEFFERSON COUNTY,KS,18426,15905
JEWELL COUNTY,KS,3791,4251
JOHNSON COUNTY,KS,451086,355054
KEARNY COUNTY,KS,4531,4027
KINGMAN COUNTY,KS,8673,8292
KIOWA COUNTY,KS,3278,3660
LABETTE COUNTY,KS,22835,23693
LANE COUNTY,KS,2155,2375
LEAVENWORTH COUNTY,KS,68691,64371
LINCOLN COUNTY,KS,3578,3653
LINN COUNTY,KS,9570,8254
LOGAN COUNTY,KS,3046,3081
LYON COUNTY,KS,35935,34732
MCPHERSON COUNTY,KS,29554,27268
MARION COUNTY,KS,13361,12888
MARSHALL COUNTY,KS,10965,11705
MEADE COUNTY,KS,4631,4247
MIAMI COUNTY,KS,28351,23466
MITCHELL COUNTY,KS,6932,7203
MONTGOMERY COUNTY,KS,36252,38816
MORRIS COUNTY,KS,6104,6198
MORTON COUNTY,KS,3496,3480
NEMAHA COUNTY,KS,10717,10446
NEOSHO COUNTY,KS,16997,17035
NESS COUNTY,KS,3454,4033
NORTON COUNTY,KS,5953,5947
OSAGE COUNTY,KS,16712,15248
OSBORNE COUNTY,KS,4452,4867
OTTAWA COUNTY,KS,6163,5634
PAWNEE COUNTY,KS,7233,7555
PHILLIPS COUNTY,KS,6001,6590
POTTAWATOMIE COUNTY,KS,18209,16128
PRATT COUNTY,KS,9647,9702
RAWLINS COUNTY,KS,2966,3404
RENO COUNTY,KS,64790,62389
REPUBLIC COUNTY,KS,5835,6482
RICE COUNTY,KS,10761,10610
RILEY COUNTY,KS,62843,67139
ROOKS COUNTY,KS,5685,6039
RUSH COUNTY,KS,3551,3842
RUSSELL COUNTY,KS,7370,7835
SALINE COUNTY,KS,53597,49301
SCOTT COUNTY,KS,5120,5289
SEDGWICK COUNTY,KS,452869,403662
SEWARD COUNTY,KS,22510,18743
SHAWNEE COUNTY,KS,169871,160976
SHERIDAN COUNTY,KS,2813,3043
SHERMAN COUNTY,KS,6760,6926
SMITH COUNTY,KS,4536,5078
STAFFORD COUNTY,KS,4789,5365
STANTON COUNTY,KS,2406,2333
STEVENS COUNTY,KS,5463,5048
SUMNER COUNTY,KS,25946,25841
THOMAS COUNTY,KS,8180,8258
TREGO COUNTY,KS,3319,3694
WABAUNSEE COUNTY,KS,6885,6603
WALLACE COUNTY,KS,1749,1821
WASHINGTON COUNTY,KS,6483,7073
WICHITA COUNTY,KS,2531,2758
WILSON COUNTY,KS,10332,10289
WOODSON COUNTY,KS,3788,4116
WYANDOTTE COUNTY,KS,157882,161993
ADAIR COUNTY,KY,17244,15360
ALLEN COUNTY,KY,17800,14628
ANDERSON COUNTY,KY,19111,14571
BALLARD COUNTY,KY,8286,7902
BARREN COUNTY,KY,38033,34001
BATH COUNTY,KY,11085,9692
BELL COUNTY,KY,30060,31506
BOONE COUNTY,KY,85991,57589
BOURBON COUNTY,KY,19360,19236
BOYD COUNTY,KY,49752,51150
BOYLE COUNTY,KY,27697,25641
BRACKEN COUNTY,KY,8279,7766
BREATHITT COUNTY,KY,16100,15703
BRECKINRIDGE COUNTY,KY,18648,16312
BULLITT COUNTY,KY,61236,47567
BUTLER COUNTY,KY,13010,11245
CALDWELL COUNTY,KY,13060,13232
CALLOWAY COUNTY,KY,34177,30735
CAMPBELL COUNTY,KY,88616,83866
CARLISLE COUNTY,KY,5351,5238
CARROLL COUNTY,KY,10155,9292
CARTER COUNTY,KY,26889,24340
CASEY COUNTY,KY,15447,14211
CHRISTIAN COUNTY,KY,72265,68941
CLARK COUNTY,KY,33144,29496
CLAY COUNTY,KY,24556,21746
CLINTON COUNTY,KY,9634,9135
CRITTENDEN COUNTY,KY,9384,9196
CUMBERLAND COUNTY,KY,7147,6784
DAVIESS COUNTY,KY,91545,87189
EDMONSON COUNTY,KY,11644,10357
ELLIOTT COUNTY,KY,6748,6455
ESTILL COUNTY,KY,15307,14614
FAYETTE COUNTY,KY,260512,225366
FLEMING COUNTY,KY,13792,12292
FLOYD COUNTY,KY,42441,43586
FRANKLIN COUNTY,KY,47687,43781
FULTON COUNTY,KY,7752,8271
GALLATIN COUNTY,KY,7870,5393
GARRARD COUNTY,KY,14792,11579
GRANT COUNTY,KY,22384,15737
GRAVES COUNTY,KY,37028,33550
GRAYSON COUNTY,KY,24053,21050
GREEN COUNTY,KY,11518,10371
GREENUP COUNTY,KY,36891,36742
HANCOCK COUNTY,KY,8392,7864
HARDIN COUNTY,KY,94174,89240
HARLAN COUNTY,KY,33202,36574
HARRISON COUNTY,KY,17983,16248
HART COUNTY,KY,17445,14890
HENDERSON COUNTY,KY,44829,43044
HENRY COUNTY,KY,15060,12823
HICKMAN COUNTY,KY,5262,5566
HOPKINS COUNTY,KY,46519,46126
JACKSON COUNTY,KY,13495,11955
JEFFERSON COUNTY,KY,693604,664937
JESSAMINE COUNTY,KY,39041,30508
JOHNSON COUNTY,KY,23445,23248
KENTON COUNTY,KY,151464,142031
KNOTT COUNTY,KY,17649,17906
KNOX COUNTY,KY,31795,29676
LARUE COUNTY,KY,13373,11679
LAUREL COUNTY,KY,52715,43438
LAWRENCE COUNTY,KY,15569,13998
LEE COUNTY,KY,7916,7422
LESLIE COUNTY,KY,12401,13642
LETCHER COUNTY,KY,25277,27000
LEWIS COUNTY,KY,14092,13029
LINCOLN COUNTY,KY,23361,20045
LIVINGSTON COUNTY,KY,9804,9062
LOGAN COUNTY,KY,26573,24416
LYON COUNTY,KY,8080,6624
MCCRACKEN COUNTY,KY,65514,62879
MCCREARY COUNTY,KY,17080,15603
MCLEAN COUNTY,KY,9938,9628
MADISON COUNTY,KY,70872,57508
MAGOFFIN COUNTY,KY,13332,13077
MARION COUNTY,KY,18212,16499
MARSHALL COUNTY,KY,30125,27205
MARTIN COUNTY,KY,12578,12526
MASON COUNTY,KY,16800,16666
MEADE COUNTY,KY,26349,24170
MENIFEE COUNTY,KY,6556,5092
MERCER COUNTY,KY,20817,19148
METCALFE COUNTY,KY,10037,8963
MONROE COUNTY,KY,11756,11401
MONTGOMERY COUNTY,KY,22554,19561
MORGAN COUNTY,KY,13948,11648
MUHLENBERG COUNTY,KY,31839,31318
NELSON COUNTY,KY,37477,29710
NICHOLAS COUNTY,KY,6813,6725
OHIO COUNTY,KY,22916,21105
OLDHAM COUNTY,KY,46178,33263
OWEN COUNTY,KY,10547,9035
OWSLEY COUNTY,KY,4858,5036
PENDLETON COUNTY,KY,14390,12036
PERRY COUNTY,KY,29390,30283
PIKE COUNTY,KY,68736,72583
POWELL COUNTY,KY,13237,11686
PULASKI COUNTY,KY,56217,49489
ROBERTSON COUNTY,KY,2266,2124
ROCKCASTLE COUNTY,KY,16582,14803
ROWAN COUNTY,KY,22094,20353
RUSSELL COUNTY,KY,16315,14716
SCOTT COUNTY,KY,33061,23867
SHELBY COUNTY,KY,33337,24824
SIMPSON COUNTY,KY,16405,15145
SPENCER COUNTY,KY,11766,6801
TAYLOR COUNTY,KY,22927,21146
TODD COUNTY,KY,11971,10940
TRIGG COUNTY,KY,12597,10361
TRIMBLE COUNTY,KY,8125,6090
UNION COUNTY,KY,15637,16557
WARREN COUNTY,KY,92522,76673
WASHINGTON COUNTY,KY,10916,10441
WAYNE COUNTY,KY,19923,17468
WEBSTER COUNTY,KY,14120,13955
WHITLEY COUNTY,KY,35865,33326
WOLFE COUNTY,KY,7065,6503
WOODFORD COUNTY,KY,23208,19955
ACADIA PARISH,LA,58861,55882
ALLEN PARISH,LA,25440,21226
ASCENSION PARISH,LA,76627,58214
ASSUMPTION PARISH,LA,23388,22753
AVOYELLES PARISH,LA,41481,39159
BEAUREGARD PARISH,LA,32986,30083
BIENVILLE PARISH,LA,15752,15979
BOSSIER PARISH,LA,98310,86088
CADDO PARISH,LA,252161,248253
CALCASIEU PARISH,LA,183577,168134
CALDWELL PARISH,LA,10560,9810
CAMERON PARISH,LA,9991,9260
CATAHOULA PARISH,LA,10920,11065
CLAIBORNE PARISH,LA,16851,17405
CONCORDIA PARISH,LA,20247,20828
DE SOTO PARISH,LA,25494,25346
EAST BATON ROUGE PARISH,LA,412852,380105
EAST CARROLL PARISH,LA,9421,9709
EAST FELICIANA PARISH,LA,21360,19211
EVANGELINE PARISH,LA,35434,33274
FRANKLIN PARISH,LA,21263,22387
GRANT PARISH,LA,18698,17526
IBERIA PARISH,LA,73266,68297
IBERVILLE PARISH,LA,33320,31049
JACKSON PARISH,LA,15397,15705
JEFFERSON PARISH,LA,455466,448306
JEFFERSON DAVIS PARISH,LA,31435,30722
LAFAYETTE PARISH,LA,190503,164762
LAFOURCHE PARISH,LA,89974,85860
LA SALLE PARISH,LA,14282,13662
LINCOLN PARISH,LA,42509,41745
LIVINGSTON PARISH,LA,91814,70526
MADISON PARISH,LA,13728,12463
MOREHOUSE PARISH,LA,31021,31938
NATCHITOCHES PARISH,LA,39080,36689
ORLEANS PARISH,LA,484674,496938
OUACHITA PARISH,LA,147250,142191
PLAQUEMINES PARISH,LA,26757,25575
POINTE COUPEE PARISH,LA,22763,22540
RAPIDES PARISH,LA,126337,131556
RED RIVER PARISH,LA,9622,9387
RICHLAND PARISH,LA,20981,20629
SABINE PARISH,LA,23459,22646
ST. BERNARD PARISH,LA,67229,66631
ST. CHARLES PARISH,LA,48072,42437
ST. HELENA PARISH,LA,10525,9874
ST. JAMES PARISH,LA,21216,20879
ST. JOHN THE BAPTIST PARISH,LA,43044,39996
ST. LANDRY PARISH,LA,87700,80331
ST. MARTIN PARISH,LA,48583,43978
ST. MARY PARISH,LA,53500,58086
ST. TAMMANY PARISH,LA,191268,144508
TANGIPAHOA PARISH,LA,100588,85709
TENSAS PARISH,LA,6618,7103
TERREBONNE PARISH,LA,104503,96982
UNION PARISH,LA,22803,20690
VERMILION PARISH,LA,53807,50055
VERNON PARISH,LA,52531,61961
WASHINGTON PARISH,LA,43926,43185
WEBSTER PARISH,LA,41831,41989
WEST BATON ROUGE PARISH,LA,21601,19419
WEST CARROLL PARISH,LA,12314,12093
WEST FELICIANA PARISH,LA,15111,12915
WINN PARISH,LA,16894,16269
ANDROSCOGGIN COUNTY,ME,103793,105259
AROOSTOOK COUNTY,ME,73938,86936
CUMBERLAND COUNTY,ME,265612,243135
FRANKLIN COUNTY,ME,29467,29008
HANCOCK COUNTY,ME,51791,46948
KENNEBEC COUNTY,ME,117114,115904
KNOX COUNTY,ME,39618,36310
LINCOLN COUNTY,ME,33616,30357
OXFORD COUNTY,ME,54755,52602
PENOBSCOT COUNTY,ME,144919,146601
PISCATAQUIS COUNTY,ME,17235,18653
SAGADAHOC COUNTY,ME,35214,33535
SOMERSET COUNTY,ME,50888,49767
WALDO COUNTY,ME,36280,33018
WASHINGTON COUNTY,ME,33941,35308
YORK COUNTY,ME,186742,164587
ALLEGANY COUNTY,MD,74930,74946
ANNE ARUNDEL COUNTY,MD,489656,427239
BALTIMORE COUNTY,MD,754292,692134
CALVERT COUNTY,MD,74563,51372
CAROLINE COUNTY,MD,29772,27035
CARROLL COUNTY,MD,150897,123372
CECIL COUNTY,MD,85951,71347
CHARLES COUNTY,MD,120546,101154
DORCHESTER COUNTY,MD,30674,30236
FREDERICK COUNTY,MD,195277,150208
GARRETT COUNTY,MD,29846,28138
HARFORD COUNTY,MD,218590,182132
HOWARD COUNTY,MD,247842,187328
KENT COUNTY,MD,19197,17842
MONTGOMERY COUNTY,MD,873341,757027
PRINCE GEORGE'S COUNTY,MD,801515,729268
QUEEN ANNE'S COUNTY,MD,40563,33953
ST. MARY'S COUNTY,MD,86211,75974
SOMERSET COUNTY,MD,24747,23440
TALBOT COUNTY,MD,33812,30549
WASHINGTON COUNTY,MD,131923,121393
WICOMICO COUNTY,MD,84644,74339
WORCESTER COUNTY,MD,46543,35028
BALTIMORE CITY,MD,651154,736014
BARNSTABLE COUNTY,MA,222230,186605
BERKSHIRE COUNTY,MA,134953,139352
BRISTOL COUNTY,MA,534678,506325
DUKES COUNTY,MA,14987,11639
ESSEX COUNTY,MA,723419,670080
FRANKLIN COUNTY,MA,71535,70092
HAMPDEN COUNTY,MA,456228,456310
HAMPSHIRE COUNTY,MA,152251,146568
MIDDLESEX COUNTY,MA,1465396,1398468
NANTUCKET COUNTY,MA,9520,6012
NORFOLK COUNTY,MA,650308,616087
PLYMOUTH COUNTY,MA,472822,435276
SUFFOLK COUNTY,MA,689807,663906
WORCESTER COUNTY,MA,750963,709705
ALCONA COUNTY,MI,11719,10145
ALGER COUNTY,MI,9862,8972
ALLEGAN COUNTY,MI,105665,90509
ALPENA COUNTY,MI,31314,30605
ANTRIM COUNTY,MI,23110,18185
ARENAC COUNTY,MI,17269,14931
BARAGA COUNTY,MI,8746,7954
BARRY COUNTY,MI,56755,50057
BAY COUNTY,MI,110157,111723
BENZIE COUNTY,MI,15998,12200
BERRIEN COUNTY,MI,162453,161378
BRANCH COUNTY,MI,45787,41502
CALHOUN COUNTY,MI,137985,135982
CASS COUNTY,MI,51104,49477
CHARLEVOIX COUNTY,MI,26090,21468
CHEBOYGAN COUNTY,MI,26448,21398
CHIPPEWA COUNTY,MI,38543,34604
CLARE COUNTY,MI,31252,24952
CLINTON COUNTY,MI,64753,57883
CRAWFORD COUNTY,MI,14273,12260
DELTA COUNTY,MI,38520,37780
DICKINSON COUNTY,MI,27472,26831
EATON COUNTY,MI,103655,92879
EMMET COUNTY,MI,31437,25040
GENESEE COUNTY,MI,436141,430459
GLADWIN COUNTY,MI,26023,21896
GOGEBIC COUNTY,MI,17370,18052
GRAND TRAVERSE COUNTY,MI,77654,64273
GRATIOT COUNTY,MI,42285,38982
HILLSDALE COUNTY,MI,46527,43431
HOUGHTON COUNTY,MI,36016,35446
HURON COUNTY,MI,36079,34951
INGHAM COUNTY,MI,279320,281912
IONIA COUNTY,MI,61518,57024
IOSCO COUNTY,MI,27339,30209
IRON COUNTY,MI,13138,13175
ISABELLA COUNTY,MI,63351,54624
JACKSON COUNTY,MI,158422,149756
KALAMAZOO COUNTY,MI,238603,223411
KALKASKA COUNTY,MI,16571,13497
KENT COUNTY,MI,574335,500631
KEWEENAW COUNTY,MI,2301,1701
LAKE COUNTY,MI,11333,8583
LAPEER COUNTY,MI,87904,74768
LEELANAU COUNTY,MI,21119,16527
LENAWEE COUNTY,MI,98890,91476
LIVINGSTON COUNTY,MI,156951,115645
LUCE COUNTY,MI,7024,5763
MACKINAC COUNTY,MI,11943,10674
MACOMB COUNTY,MI,788149,717400
MANISTEE COUNTY,MI,24527,21265
MARQUETTE COUNTY,MI,64634,70887
MASON COUNTY,MI,28274,25537
MECOSTA COUNTY,MI,40553,37308
MENOMINEE COUNTY,MI,25326,24920
MIDLAND COUNTY,MI,82874,75651
MISSAUKEE COUNTY,MI,14478,12147
MONROE COUNTY,MI,145945,133600
MONTCALM COUNTY,MI,61266,53059
MONTMORENCY COUNTY,MI,10315,8936
MUSKEGON COUNTY,MI,170200,158983
NEWAYGO COUNTY,MI,47874,38202
OAKLAND COUNTY,MI,1194156,1083592
OCEANA COUNTY,MI,26873,22454
OGEMAW COUNTY,MI,21645,18681
ONTONAGON COUNTY,MI,7818,8854
OSCEOLA COUNTY,MI,23197,20146
OSCODA COUNTY,MI,9418,7842
OTSEGO COUNTY,MI,23301,17957
OTTAWA COUNTY,MI,238314,187768
PRESQUE ISLE COUNTY,MI,14411,13743
ROSCOMMON COUNTY,MI,25469,19776
SAGINAW COUNTY,MI,210039,211946
ST. CLAIR COUNTY,MI,164235,145607
ST. JOSEPH COUNTY,MI,62422,58913
SANILAC COUNTY,MI,44547,39928
SCHOOLCRAFT COUNTY,MI,8903,8302
SHIAWASSEE COUNTY,MI,71687,69770
TUSCOLA COUNTY,MI,58266,55498
VAN BUREN COUNTY,MI,76263,70060
WASHTENAW COUNTY,MI,322895,282937
WAYNE COUNTY,MI,2061162,2111687
WEXFORD COUNTY,MI,30484,26360
AITKIN COUNTY,MN,15301,12425
ANOKA COUNTY,MN,298084,243641
BECKER COUNTY,MN,30000,27881
BELTRAMI COUNTY,MN,39650,34384
BENTON COUNTY,MN,34226,30185
BIG STONE COUNTY,MN,5820,6285
BLUE EARTH COUNTY,MN,55941,54044
BROWN COUNTY,MN,26911,26984
CARLTON COUNTY,MN,31671,29259
CARVER COUNTY,MN,70205,47915
CASS COUNTY,MN,27150,21791
CHIPPEWA COUNTY,MN,13088,13228
CHISAGO COUNTY,MN,41101,30521
CLAY COUNTY,MN,51229,50422
CLEARWATER COUNTY,MN,8423,8309
COOK COUNTY,MN,5168,3868
COTTONWOOD COUNTY,MN,12167,12694
CROW WING COUNTY,MN,55099,44249
DAKOTA COUNTY,MN,355904,275227
DODGE COUNTY,MN,17731,15731
DOUGLAS COUNTY,MN,32821,28674
FARIBAULT COUNTY,MN,16181,16937
FILLMORE COUNTY,MN,21122,20777
FREEBORN COUNTY,MN,32584,33060
GOODHUE COUNTY,MN,44127,40690
GRANT COUNTY,MN,6289,6246
HENNEPIN COUNTY,MN,1116200,1032431
HOUSTON COUNTY,MN,19718,18497
HUBBARD COUNTY,MN,18376,14939
ISANTI COUNTY,MN,31287,25921
ITASCA COUNTY,MN,43992,40863
JACKSON COUNTY,MN,11268,11677
KANABEC COUNTY,MN,14996,12802
KANDIYOHI COUNTY,MN,41203,38761
KITTSON COUNTY,MN,5285,5767
KOOCHICHING COUNTY,MN,14355,16299
LAC QUI PARLE COUNTY,MN,8067,8924
LAKE COUNTY,MN,11058,10415
LAKE OF THE WOODS COUNTY,MN,4522,4076
LE SUEUR COUNTY,MN,25426,23239
LINCOLN COUNTY,MN,6429,6890
LYON COUNTY,MN,25425,24789
MCLEOD COUNTY,MN,34898,32030
MAHNOMEN COUNTY,MN,5190,5044
MARSHALL COUNTY,MN,10155,10993
MARTIN COUNTY,MN,21802,22914
MEEKER COUNTY,MN,22644,20846
MILLE LACS COUNTY,MN,22330,18670
MORRISON COUNTY,MN,31712,29604
MOWER COUNTY,MN,38603,37385
MURRAY COUNTY,MN,9165,9660
NICOLLET COUNTY,MN,29771,28076
NOBLES COUNTY,MN,20832,20098
NORMAN COUNTY,MN,7442,7975
OLMSTED COUNTY,MN,124277,106470
OTTER TAIL COUNTY,MN,57159,50714
PENNINGTON COUNTY,MN,13584,13306
PINE COUNTY,MN,26530,21264
PIPESTONE COUNTY,MN,9895,10491
POLK COUNTY,MN,31369,32498
POPE COUNTY,MN,11236,10745
RAMSEY COUNTY,MN,511035,485765
RED LAKE COUNTY,MN,4299,4525
REDWOOD COUNTY,MN,16815,17254
RENVILLE COUNTY,MN,17154,17673
RICE COUNTY,MN,56665,49183
ROCK COUNTY,MN,9721,9806
ROSEAU COUNTY,MN,16338,15026
ST. LOUIS COUNTY,MN,200528,198213
SCOTT COUNTY,MN,89498,57846
SHERBURNE COUNTY,MN,64417,41945
SIBLEY COUNTY,MN,15356,14366
STEARNS COUNTY,MN,133166,118791
STEELE COUNTY,MN,33680,30729
STEVENS COUNTY,MN,10053,10634
SWIFT COUNTY,MN,11956,10724
TODD COUNTY,MN,24426,23363
TRAVERSE COUNTY,MN,4134,4463
WABASHA COUNTY,MN,21610,19744
WADENA COUNTY,MN,13713,13154
WASECA COUNTY,MN,19526,18079
WASHINGTON COUNTY,MN,201130,145896
WATONWAN COUNTY,MN,11876,11682
WILKIN COUNTY,MN,7138,7516
WINONA COUNTY,MN,49985,47828
WRIGHT COUNTY,MN,89986,68710
YELLOW MEDICINE COUNTY,MN,11080,11684
ADAMS COUNTY,MS,34340,35356
ALCORN COUNTY,MS,34558,31722
AMITE COUNTY,MS,13599,13328
ATTALA COUNTY,MS,19661,18481
BENTON COUNTY,MS,8026,8046
BOLIVAR COUNTY,MS,40633,41875
CALHOUN COUNTY,MS,15069,14908
CARROLL COUNTY,MS,10769,9237
CHICKASAW COUNTY,MS,19440,18085
CHOCTAW COUNTY,MS,9758,9071
CLAIBORNE COUNTY,MS,11831,11370
CLARKE COUNTY,MS,17955,17313
CLAY COUNTY,MS,21979,21120
COAHOMA COUNTY,MS,30622,31665
COPIAH COUNTY,MS,28757,27592
COVINGTON COUNTY,MS,19407,16527
DESOTO COUNTY,MS,107199,67910
FORREST COUNTY,MS,72604,68314
FRANKLIN COUNTY,MS,8448,8377
GEORGE COUNTY,MS,19144,16673
GREENE COUNTY,MS,13299,10220
GRENADA COUNTY,MS,23263,21555
HANCOCK COUNTY,MS,42967,31760
HARRISON COUNTY,MS,189601,165365
HINDS COUNTY,MS,250800,254441
HOLMES COUNTY,MS,21609,21604
HUMPHREYS COUNTY,MS,11206,12134
ISSAQUENA COUNTY,MS,2274,1909
ITAWAMBA COUNTY,MS,22770,20017
JACKSON COUNTY,MS,131420,115243
JASPER COUNTY,MS,18149,17114
JEFFERSON COUNTY,MS,9740,8653
JEFFERSON DAVIS COUNTY,MS,13962,14051
JONES COUNTY,MS,64958,62031
KEMPER COUNTY,MS,10453,10356
LAFAYETTE COUNTY,MS,38744,31826
LAMAR COUNTY,MS,39070,30424
LAUDERDALE COUNTY,MS,78161,75555
LAWRENCE COUNTY,MS,13258,12458
LEAKE COUNTY,MS,20940,18436
LEE COUNTY,MS,75755,65581
LEFLORE COUNTY,MS,37947,37341
LINCOLN COUNTY,MS,33166,30278
LOWNDES COUNTY,MS,61586,59308
MADISON COUNTY,MS,74674,53794
MARION COUNTY,MS,25595,25544
MARSHALL COUNTY,MS,34993,30361
MONROE COUNTY,MS,38014,36582
MONTGOMERY COUNTY,MS,12189,12388
NESHOBA COUNTY,MS,28684,24800
NEWTON COUNTY,MS,21838,20291
NOXUBEE COUNTY,MS,12548,12604
OKTIBBEHA COUNTY,MS,42902,38375
PANOLA COUNTY,MS,34274,29996
PEARL RIVER COUNTY,MS,48621,38714
PERRY COUNTY,MS,12138,10865
PIKE COUNTY,MS,38940,36882
PONTOTOC COUNTY,MS,26726,22237
PRENTISS COUNTY,MS,25556,23278
QUITMAN COUNTY,MS,10117,10490
RANKIN COUNTY,MS,115327,87161
SCOTT COUNTY,MS,28423,24137
SHARKEY COUNTY,MS,6580,7066
SIMPSON COUNTY,MS,27639,23953
SMITH COUNTY,MS,16182,14798
STONE COUNTY,MS,13622,10750
SUNFLOWER COUNTY,MS,34369,32867
TALLAHATCHIE COUNTY,MS,14903,15210
TATE COUNTY,MS,25370,21432
TIPPAH COUNTY,MS,20826,19523
TISHOMINGO COUNTY,MS,19163,17683
TUNICA COUNTY,MS,9227,8164
UNION COUNTY,MS,25362,22085
WALTHALL COUNTY,MS,15156,14352
WARREN COUNTY,MS,49644,47880
WASHINGTON COUNTY,MS,62977,67935
WAYNE COUNTY,MS,21216,19517
WEBSTER COUNTY,MS,10294,10222
WILKINSON COUNTY,MS,10312,9678
WINSTON COUNTY,MS,20160,19433
YALOBUSHA COUNTY,MS,13051,12033
YAZOO COUNTY,MS,28149,25506
ADAIR COUNTY,MO,24977,24577
ANDREW COUNTY,MO,16492,14632
ATCHISON COUNTY,MO,6430,7457
AUDRAIN COUNTY,MO,25853,23599
BARRY COUNTY,MO,34010,27547
BARTON COUNTY,MO,12541,11312
BATES COUNTY,MO,16653,15025
BENTON COUNTY,MO,17180,13859
BOLLINGER COUNTY,MO,12029,10619
BOONE COUNTY,MO,135454,112379
BUCHANAN COUNTY,MO,85998,83083
BUTLER COUNTY,MO,40867,38765
CALDWELL COUNTY,MO,8969,8380
CALLAWAY COUNTY,MO,40766,32809
CAMDEN COUNTY,MO,37051,27495
CAPE GIRARDEAU COUNTY,MO,68693,61633
CARROLL COUNTY,MO,10285,10748
CARTER COUNTY,MO,5941,5515
CASS COUNTY,MO,82092,63808
CEDAR COUNTY,MO,13733,12093
CHARITON COUNTY,MO,8438,9202
CHRISTIAN COUNTY,MO,54285,32644
CLARK COUNTY,MO,7416,7547
CLAY COUNTY,MO,184006,153411
CLINTON COUNTY,MO,18979,16595
COLE COUNTY,MO,71397,63579
COOPER COUNTY,MO,16670,14835
CRAWFORD COUNTY,MO,22804,19173
DADE COUNTY,MO,7923,7449
DALLAS COUNTY,MO,15661,12646
DAVIESS COUNTY,MO,8016,7865
DEKALB COUNTY,MO,11597,9967
DENT COUNTY,MO,14927,13702
DOUGLAS COUNTY,MO,13084,11876
DUNKLIN COUNTY,MO,33155,33112
FRANKLIN COUNTY,MO,93807,80603
GASCONADE COUNTY,MO,15342,14006
GENTRY COUNTY,MO,6861,6848
GREENE COUNTY,MO,240391,207949
GRUNDY COUNTY,MO,10432,10536
HARRISON COUNTY,MO,8850,8469
HENRY COUNTY,MO,21997,20044
HICKORY COUNTY,MO,8940,7335
HOLT COUNTY,MO,5351,6034
HOWARD COUNTY,MO,10212,9631
HOWELL COUNTY,MO,37238,31447
IRON COUNTY,MO,10697,10726
JACKSON COUNTY,MO,654880,633232
JASPER COUNTY,MO,104686,90465
JEFFERSON COUNTY,MO,198099,171380
JOHNSON COUNTY,MO,48258,42514
KNOX COUNTY,MO,4361,4482
LACLEDE COUNTY,MO,32513,27158
LAFAYETTE COUNTY,MO,32960,31107
LAWRENCE COUNTY,MO,35204,30236
LEWIS COUNTY,MO,10494,10233
LINCOLN COUNTY,MO,38944,28892
LINN COUNTY,MO,13754,13885
LIVINGSTON COUNTY,MO,14558,14592
MCDONALD COUNTY,MO,21681,16938
MACON COUNTY,MO,15762,15345
MADISON COUNTY,MO,11800,11127
MARIES COUNTY,MO,8903,7976
MARION COUNTY,MO,28289,27682
MERCER COUNTY,MO,3757,3723
MILLER COUNTY,MO,23564,20700
MISSISSIPPI COUNTY,MO,13427,14442
MONITEAU COUNTY,MO,14827,12298
MONROE COUNTY,MO,9311,9104
MONTGOMERY COUNTY,MO,12136,11355
MORGAN COUNTY,MO,19309,15574
NEW MADRID COUNTY,MO,19760,20928
NEWTON COUNTY,MO,52636,44445
NODAWAY COUNTY,MO,21912,21709
OREGON COUNTY,MO,10344,9470
OSAGE COUNTY,MO,13062,12018
OZARK COUNTY,MO,9542,8598
PEMISCOT COUNTY,MO,20047,21921
PERRY COUNTY,MO,18132,16648
PETTIS COUNTY,MO,39403,35437
PHELPS COUNTY,MO,39825,35248
PIKE COUNTY,MO,18351,15969
PLATTE COUNTY,MO,73781,57867
POLK COUNTY,MO,26992,21826
PULASKI COUNTY,MO,41165,41307
PUTNAM COUNTY,MO,5223,5079
RALLS COUNTY,MO,9626,8476
RANDOLPH COUNTY,MO,24663,24370
RAY COUNTY,MO,23354,21971
REYNOLDS COUNTY,MO,6689,6661
RIPLEY COUNTY,MO,13509,12303
ST. CHARLES COUNTY,MO,283883,212907
ST. CLAIR COUNTY,MO,9652,8457
STE. GENEVIEVE COUNTY,MO,17842,16037
ST. FRANCOIS COUNTY,MO,55641,48904
ST. LOUIS COUNTY,MO,1016315,993529
SALINE COUNTY,MO,23756,23523
SCHUYLER COUNTY,MO,4170,4236
SCOTLAND COUNTY,MO,4983,4822
SCOTT COUNTY,MO,40422,39376
SHANNON COUNTY,MO,8324,7613
SHELBY COUNTY,MO,6799,6942
STODDARD COUNTY,MO,29705,28895
STONE COUNTY,MO,28658,19078
SULLIVAN COUNTY,MO,7219,6326
TANEY COUNTY,MO,39703,25561
TEXAS COUNTY,MO,23003,21476
VERNON COUNTY,MO,20454,19041
WARREN COUNTY,MO,24525,19534
WASHINGTON COUNTY,MO,23344,20380
WAYNE COUNTY,MO,13259,11543
WEBSTER COUNTY,MO,31045,23753
WORTH COUNTY,MO,2382,2440
WRIGHT COUNTY,MO,17955,16758
ST. LOUIS CITY,MO,348189,396685
BEAVERHEAD COUNTY,MT,9202,8424
BIG HORN COUNTY,MT,12671,11337
BLAINE COUNTY,MT,7009,6728
BROADWATER COUNTY,MT,4385,3318
CARBON COUNTY,MT,9552,8080
CARTER COUNTY,MT,1360,1503
CASCADE COUNTY,MT,80357,77691
CHOUTEAU COUNTY,MT,5970,5452
CUSTER COUNTY,MT,11696,11697
DANIELS COUNTY,MT,2017,2266
DAWSON COUNTY,MT,9059,9505
DEER LODGE COUNTY,MT,9417,10278
FALLON COUNTY,MT,2837,3103
FERGUS COUNTY,MT,11893,12083
FLATHEAD COUNTY,MT,74471,59218
GALLATIN COUNTY,MT,67831,50463
GARFIELD COUNTY,MT,1279,1589
GLACIER COUNTY,MT,13247,12121
GOLDEN VALLEY COUNTY,MT,1042,912
GRANITE COUNTY,MT,2830,2548
HILL COUNTY,MT,16673,17654
JEFFERSON COUNTY,MT,10049,7939
JUDITH BASIN COUNTY,MT,2329,2282
LAKE COUNTY,MT,26507,21041
LEWIS AND CLARK COUNTY,MT,55716,47495
LIBERTY COUNTY,MT,2158,2295
LINCOLN COUNTY,MT,18837,17481
MCCONE COUNTY,MT,1977,2276
MADISON COUNTY,MT,6851,5989
MEAGHER COUNTY,MT,1932,1819
MINERAL COUNTY,MT,3884,3315
MISSOULA COUNTY,MT,95802,78687
MUSSELSHELL COUNTY,MT,4497,4106
PARK COUNTY,MT,15694,14562
PETROLEUM COUNTY,MT,493,519
PHILLIPS COUNTY,MT,4601,5163
PONDERA COUNTY,MT,6424,6433
POWDER RIVER COUNTY,MT,1858,2090
POWELL COUNTY,MT,7180,6620
PRAIRIE COUNTY,MT,1199,1383
RAVALLI COUNTY,MT,36070,25010
RICHLAND COUNTY,MT,9667,10716
ROOSEVELT COUNTY,MT,10620,10999
ROSEBUD COUNTY,MT,9383,10505
SANDERS COUNTY,MT,10227,8669
SHERIDAN COUNTY,MT,4105,4732
SILVER BOW COUNTY,MT,34606,33941
STILLWATER COUNTY,MT,8195,6536
SWEET GRASS COUNTY,MT,3609,3154
TETON COUNTY,MT,6445,6271
TOOLE COUNTY,MT,5267,5046
TREASURE COUNTY,MT,861,874
VALLEY COUNTY,MT,7675,8239
WHEATLAND COUNTY,MT,2259,2246
WIBAUX COUNTY,MT,1068,1191
YELLOWSTONE COUNTY,MT,129352,113419
ADAMS COUNTY,NE,31151,29625
ANTELOPE COUNTY,NE,7452,7965
ARTHUR COUNTY,NE,444,462
BANNER COUNTY,NE,819,852
BLAINE COUNTY,NE,583,675
BOONE COUNTY,NE,6259,6667
BOX BUTTE COUNTY,NE,12158,13130
BOYD COUNTY,NE,2438,2835
BROWN COUNTY,NE,3525,3657
BUFFALO COUNTY,NE,42259,37447
BURT COUNTY,NE,7791,7868
BUTLER COUNTY,NE,8767,8601
CASS COUNTY,NE,24334,21318
CEDAR COUNTY,NE,9615,10131
CHASE COUNTY,NE,4068,4381
CHERRY COUNTY,NE,6148,6307
CHEYENNE COUNTY,NE,9830,9494
CLAY COUNTY,NE,7039,7123
COLFAX COUNTY,NE,10441,9139
CUMING COUNTY,NE,10203,10117
CUSTER COUNTY,NE,11793,12270
DAKOTA COUNTY,NE,20253,16742
DAWES COUNTY,NE,9060,9021
DAWSON COUNTY,NE,24365,19940
DEUEL COUNTY,NE,2098,2237
DIXON COUNTY,NE,6339,6143
DODGE COUNTY,NE,36160,34500
DOUGLAS COUNTY,NE,463585,416444
DUNDY COUNTY,NE,2292,2582
FILLMORE COUNTY,NE,6634,7103
FRANKLIN COUNTY,NE,3574,3938
FRONTIER COUNTY,NE,3099,3101
FURNAS COUNTY,NE,5324,5553
GAGE COUNTY,NE,22993,22794
GARDEN COUNTY,NE,2292,2460
GARFIELD COUNTY,NE,1902,2141
GOSPER COUNTY,NE,2143,1928
GRANT COUNTY,NE,747,769
GREELEY COUNTY,NE,2714,3006
HALL COUNTY,NE,53534,48925
HAMILTON COUNTY,NE,9403,8862
HARLAN COUNTY,NE,3786,3810
HAYES COUNTY,NE,1068,1222
HITCHCOCK COUNTY,NE,3111,3750
HOLT COUNTY,NE,11551,12599
HOOKER COUNTY,NE,783,793
HOWARD COUNTY,NE,6567,6055
JEFFERSON COUNTY,NE,8333,8759
JOHNSON COUNTY,NE,4488,4673
KEARNEY COUNTY,NE,6882,6629
KEITH COUNTY,NE,8875,8584
KEYA PAHA COUNTY,NE,983,1029
KIMBALL COUNTY,NE,4089,4108
KNOX COUNTY,NE,9374,9534
LANCASTER COUNTY,NE,250291,213641
LINCOLN COUNTY,NE,34632,32508
LOGAN COUNTY,NE,774,878
LOUP COUNTY,NE,712,683
MCPHERSON COUNTY,NE,533,546
MADISON COUNTY,NE,35226,32655
MERRICK COUNTY,NE,8204,8042
MORRILL COUNTY,NE,5440,5423
NANCE COUNTY,NE,4038,4275
NEMAHA COUNTY,NE,7576,7980
NUCKOLLS COUNTY,NE,5057,5786
OTOE COUNTY,NE,15396,14252
PAWNEE COUNTY,NE,3087,3317
PERKINS COUNTY,NE,3200,3367
PHELPS COUNTY,NE,9747,9715
PIERCE COUNTY,NE,7857,7827
PLATTE COUNTY,NE,31662,29820
POLK COUNTY,NE,5639,5675
RED WILLOW COUNTY,NE,11448,11705
RICHARDSON COUNTY,NE,9531,9937
ROCK COUNTY,NE,1756,2019
SALINE COUNTY,NE,13843,12715
SARPY COUNTY,NE,122595,102583
SAUNDERS COUNTY,NE,19830,18285
SCOTTS BLUFF COUNTY,NE,36951,36025
SEWARD COUNTY,NE,16496,15450
SHERIDAN COUNTY,NE,6198,6750
SHERMAN COUNTY,NE,3318,3718
SIOUX COUNTY,NE,1475,1549
STANTON COUNTY,NE,6455,6244
THAYER COUNTY,NE,6055,6635
THOMAS COUNTY,NE,729,851
THURSTON COUNTY,NE,7171,6936
VALLEY COUNTY,NE,4647,5169
WASHINGTON COUNTY,NE,18780,16607
WAYNE COUNTY,NE,9851,9364
WEBSTER COUNTY,NE,4061,4279
WHEELER COUNTY,NE,886,948
YORK COUNTY,NE,14598,14428
CHURCHILL COUNTY,NV,23982,17938
CLARK COUNTY,NV,1375765,741459
DOUGLAS COUNTY,NV,41259,27637
ELKO COUNTY,NV,45291,33530
ESMERALDA COUNTY,NV,971,1344
EUREKA COUNTY,NV,1651,1547
HUMBOLDT COUNTY,NV,16106,12844
LANDER COUNTY,NV,5794,6266
LINCOLN COUNTY,NV,4165,3775
LYON COUNTY,NV,34501,20001
MINERAL COUNTY,NV,5071,6475
NYE COUNTY,NV,32485,17781
PERSHING COUNTY,NV,6693,4336
STOREY COUNTY,NV,3399,2526
WASHOE COUNTY,NV,339486,254667
WHITE PINE COUNTY,NV,9181,9264
CARSON CITY,NV,52457,40443
BELKNAP COUNTY,NH,56325,49216
CARROLL COUNTY,NH,43666,35410
CHESHIRE COUNTY,NH,73825,70121
COOS COUNTY,NH,33111,34828
GRAFTON COUNTY,NH,81743,74929
HILLSBOROUGH COUNTY,NH,380841,336073
MERRIMACK COUNTY,NH,136225,120005
ROCKINGHAM COUNTY,NH,277359,245845
STRAFFORD COUNTY,NH,112233,104233
SULLIVAN COUNTY,NH,40458,38592
ATLANTIC COUNTY,NJ,252552,224327
BERGEN COUNTY,NJ,884118,825380
BURLINGTON COUNTY,NJ,423394,395066
CAMDEN COUNTY,NJ,508932,502824
CAPE MAY COUNTY,NJ,102326,95089
CUMBERLAND COUNTY,NJ,146438,138053
ESSEX COUNTY,NJ,793633,778206
GLOUCESTER COUNTY,NJ,254673,230082
HUDSON COUNTY,NJ,608975,553099
HUNTERDON COUNTY,NJ,121989,107776
MERCER COUNTY,NJ,350761,325824
MIDDLESEX COUNTY,NJ,750162,671780
MONMOUTH COUNTY,NJ,615301,553124
MORRIS COUNTY,NJ,470212,421353
OCEAN COUNTY,NJ,510916,433203
PASSAIC COUNTY,NJ,489049,453060
SALEM COUNTY,NJ,64285,65294
SOMERSET COUNTY,NJ,297490,240279
SUSSEX COUNTY,NJ,144166,130943
UNION COUNTY,NJ,522541,493819
WARREN COUNTY,NJ,102437,91607
BERNALILLO COUNTY,NM,556678,480577
CATRON COUNTY,NM,3543,2563
CHAVES COUNTY,NM,61382,57849
CIBOLA COUNTY,NM,25595,23794
COLFAX COUNTY,NM,14189,12925
CURRY COUNTY,NM,45044,42207
DEBACA COUNTY,NM,2240,2252
DONA ANA COUNTY,NM,174682,135510
EDDY COUNTY,NM,51658,48605
GRANT COUNTY,NM,31002,27676
GUADALUPE COUNTY,NM,4680,4156
HARDING COUNTY,NM,810,987
HIDALGO COUNTY,NM,5932,5958
LEA COUNTY,NM,55511,55765
LINCOLN COUNTY,NM,19411,12219
LOS ALAMOS COUNTY,NM,18343,18115
LUNA COUNTY,NM,25016,18110
MCKINLEY COUNTY,NM,74798,60686
MORA COUNTY,NM,5180,4264
OTERO COUNTY,NM,62298,51928
QUAY COUNTY,NM,10155,10823
RIO ARRIBA COUNTY,NM,41190,34365
ROOSEVELT COUNTY,NM,18018,16702
SANDOVAL COUNTY,NM,89908,63319
SAN JUAN COUNTY,NM,113801,91605
SAN MIGUEL COUNTY,NM,30126,25743
SANTA FE COUNTY,NM,129292,98928
SIERRA COUNTY,NM,13270,9912
SOCORRO COUNTY,NM,18078,14764
TAOS COUNTY,NM,29979,23118
TORRANCE COUNTY,NM,16911,10285
UNION COUNTY,NM,4174,4124
VALENCIA COUNTY,NM,66152,45235
ALBANY COUNTY,NY,294565,292594
ALLEGANY COUNTY,NY,49927,50470
BRONX COUNTY,NY,1332650,1203789
BROOME COUNTY,NY,200536,212160
CATTARAUGUS COUNTY,NY,83955,84234
CAYUGA COUNTY,NY,81963,82313
CHAUTAUQUA COUNTY,NY,139750,141895
CHEMUNG COUNTY,NY,91070,95195
CHENANGO COUNTY,NY,51401,51768
CLINTON COUNTY,NY,79894,85969
COLUMBIA COUNTY,NY,63094,62982
CORTLAND COUNTY,NY,48599,48963
DELAWARE COUNTY,NY,48055,47225
DUTCHESS COUNTY,NY,280150,259462
ERIE COUNTY,NY,950265,968532
ESSEX COUNTY,NY,38851,37152
FRANKLIN COUNTY,NY,51134,46540
FULTON COUNTY,NY,55073,54191
GENESEE COUNTY,NY,60370,60060
GREENE COUNTY,NY,48195,44739
HAMILTON COUNTY,NY,5379,5279
HERKIMER COUNTY,NY,64427,65797
JEFFERSON COUNTY,NY,111738,110943
KINGS COUNTY,NY,2465326,2300664
LEWIS COUNTY,NY,26944,26796
LIVINGSTON COUNTY,NY,64328,62372
MADISON COUNTY,NY,69441,69120
MONROE COUNTY,NY,735343,713968
MONTGOMERY COUNTY,NY,49708,51981
NASSAU COUNTY,NY,1334544,1287348
NEW YORK COUNTY,NY,1537195,1487536
NIAGARA COUNTY,NY,219846,220756
ONEIDA COUNTY,NY,235469,250836
ONONDAGA COUNTY,NY,458336,468973
ONTARIO COUNTY,NY,100224,95101
ORANGE COUNTY,NY,341367,307647
ORLEANS COUNTY,NY,44171,41846
OSWEGO COUNTY,NY,122377,121771
OTSEGO COUNTY,NY,61676,60517
PUTNAM COUNTY,NY,95745,83941
QUEENS COUNTY,NY,2229379,1951598
RENSSELAER COUNTY,NY,152538,154429
RICHMOND COUNTY,NY,443728,378977
ROCKLAND COUNTY,NY,286753,265475
ST. LAWRENCE COUNTY,NY,111931,111974
SARATOGA COUNTY,NY,200635,181276
SCHENECTADY COUNTY,NY,146555,149285
SCHOHARIE COUNTY,NY,31582,31859
SCHUYLER COUNTY,NY,19224,18662
SENECA COUNTY,NY,33342,33683
STEUBEN COUNTY,NY,98726,99088
SUFFOLK COUNTY,NY,1419369,1321864
SULLIVAN COUNTY,NY,73966,69277
TIOGA COUNTY,NY,51784,52337
TOMPKINS COUNTY,NY,96501,94097
ULSTER COUNTY,NY,177749,165304
WARREN COUNTY,NY,63303,59209
WASHINGTON COUNTY,NY,61042,59330
WAYNE COUNTY,NY,93765,89123
WESTCHESTER COUNTY,NY,923459,874866
WYOMING COUNTY,NY,43424,42507
YATES COUNTY,NY,24621,22810
ALAMANCE COUNTY,NC,130800,108213
ALEXANDER COUNTY,NC,33603,27544
ALLEGHANY COUNTY,NC,10677,9590
ANSON COUNTY,NC,25275,23474
ASHE COUNTY,NC,24384,22209
AVERY COUNTY,NC,17167,14867
BEAUFORT COUNTY,NC,44958,42283
BERTIE COUNTY,NC,19773,20388
BLADEN COUNTY,NC,32278,28663
BRUNSWICK COUNTY,NC,73143,50985
BUNCOMBE COUNTY,NC,206330,174821
BURKE COUNTY,NC,89148,75744
CABARRUS COUNTY,NC,131063,98935
CALDWELL COUNTY,NC,77415,70709
CAMDEN COUNTY,NC,6885,5904
CARTERET COUNTY,NC,59383,52556
CASWELL COUNTY,NC,23501,20693
CATAWBA COUNTY,NC,141685,118412
CHATHAM COUNTY,NC,49329,38759
CHEROKEE COUNTY,NC,24298,20170
CHOWAN COUNTY,NC,14526,13506
CLAY COUNTY,NC,8775,7155
CLEVELAND COUNTY,NC,96287,84714
COLUMBUS COUNTY,NC,54749,49587
CRAVEN COUNTY,NC,91436,81613
CUMBERLAND COUNTY,NC,302963,274566
CURRITUCK COUNTY,NC,18190,13736
DARE COUNTY,NC,29967,22746
DAVIDSON COUNTY,NC,147246,126677
DAVIE COUNTY,NC,34835,27859
DUPLIN COUNTY,NC,49063,39995
DURHAM COUNTY,NC,223314,181835
EDGECOMBE COUNTY,NC,55606,56558
FORSYTH COUNTY,NC,306067,265878
FRANKLIN COUNTY,NC,47260,36414
GASTON COUNTY,NC,190365,175093
GATES COUNTY,NC,10516,9305
GRAHAM COUNTY,NC,7993,7196
GRANVILLE COUNTY,NC,48498,38345
GREENE COUNTY,NC,18974,15384
GUILFORD COUNTY,NC,421048,347420
HALIFAX COUNTY,NC,57370,55516
HARNETT COUNTY,NC,91025,67822
HAYWOOD COUNTY,NC,54033,46942
HENDERSON COUNTY,NC,89173,69285
HERTFORD COUNTY,NC,22601,22523
HOKE COUNTY,NC,33646,22856
HYDE COUNTY,NC,5826,5411
IREDELL COUNTY,NC,122660,92931
JACKSON COUNTY,NC,33121,26846
JOHNSTON COUNTY,NC,121965,81306
JONES COUNTY,NC,10381,9414
LEE COUNTY,NC,49040,41374
LENOIR COUNTY,NC,59648,57274
LINCOLN COUNTY,NC,63780,50319
MCDOWELL COUNTY,NC,42151,35681
MACON COUNTY,NC,29811,23499
MADISON COUNTY,NC,19635,16953
MARTIN COUNTY,NC,25593,25078
MECKLENBURG COUNTY,NC,695454,511433
MITCHELL COUNTY,NC,15687,14433
MONTGOMERY COUNTY,NC,26822,23346
MOORE COUNTY,NC,74769,59013
NASH COUNTY,NC,87420,76677
NEW HANOVER COUNTY,NC,160307,120284
NORTHAMPTON COUNTY,NC,22086,20798
ONSLOW COUNTY,NC,150355,149838
ORANGE COUNTY,NC,118227,93851
PAMLICO COUNTY,NC,12934,11372
PASQUOTANK COUNTY,NC,34897,31298
PENDER COUNTY,NC,41082,28855
PERQUIMANS COUNTY,NC,11368,10447
PERSON COUNTY,NC,35623,30180
PITT COUNTY,NC,133798,107924
POLK COUNTY,NC,18324,14416
RANDOLPH COUNTY,NC,130454,106546
RICHMOND COUNTY,NC,46564,44518
ROBESON COUNTY,NC,123339,105179
ROCKINGHAM COUNTY,NC,91928,86064
ROWAN COUNTY,NC,130340,110605
RUTHERFORD COUNTY,NC,62899,56918
SAMPSON COUNTY,NC,60161,47297
SCOTLAND COUNTY,NC,35998,33754
STANLY COUNTY,NC,58100,51765
STOKES COUNTY,NC,44711,37223
SURRY COUNTY,NC,71219,61704
SWAIN COUNTY,NC,12968,11268
TRANSYLVANIA COUNTY,NC,29334,25520
TYRRELL COUNTY,NC,4149,3856
UNION COUNTY,NC,123677,84211
VANCE COUNTY,NC,42954,38892
WAKE COUNTY,NC,627846,423380
WARREN COUNTY,NC,19972,17265
WASHINGTON COUNTY,NC,13723,13997
WATAUGA COUNTY,NC,42695,36952
WAYNE COUNTY,NC,113329,104666
WILKES COUNTY,NC,65632,59393
WILSON COUNTY,NC,73814,66061
YADKIN COUNTY,NC,36348,30488
YANCEY COUNTY,NC,17774,15419
ADAMS COUNTY,ND,2593,3174
BARNES COUNTY,ND,11775,12545
BENSON COUNTY,ND,6964,7198
BILLINGS COUNTY,ND,888,1108
BOTTINEAU COUNTY,ND,7149,8011
BOWMAN COUNTY,ND,3242,3596
BURKE COUNTY,ND,2242,3002
BURLEIGH COUNTY,ND,69416,60131
CASS COUNTY,ND,123138,102874
CAVALIER COUNTY,ND,4831,6064
DICKEY COUNTY,ND,5757,6107
DIVIDE COUNTY,ND,2283,2899
DUNN COUNTY,ND,3600,4005
EDDY COUNTY,ND,2757,2951
EMMONS COUNTY,ND,4331,4830
FOSTER COUNTY,ND,3759,3983
GOLDEN VALLEY COUNTY,ND,1924,2108
GRAND FORKS COUNTY,ND,66109,70683
GRANT COUNTY,ND,2841,3549
GRIGGS COUNTY,ND,2754,3303
HETTINGER COUNTY,ND,2715,3445
KIDDER COUNTY,ND,2753,3332
LAMOURE COUNTY,ND,4701,5383
LOGAN COUNTY,ND,2308,2847
MCHENRY COUNTY,ND,5987,6528
MCINTOSH COUNTY,ND,3390,4021
MCKENZIE COUNTY,ND,5737,6383
MCLEAN COUNTY,ND,9311,10457
MERCER COUNTY,ND,8644,9808
MORTON COUNTY,ND,25303,23700
MOUNTRAIL COUNTY,ND,6631,7021
NELSON COUNTY,ND,3715,4410
OLIVER COUNTY,ND,2065,2381
PEMBINA COUNTY,ND,8585,9238
PIERCE COUNTY,ND,4675,5052
RAMSEY COUNTY,ND,12066,12681
RANSOM COUNTY,ND,5890,5921
RENVILLE COUNTY,ND,2610,3160
RICHLAND COUNTY,ND,17998,18148
ROLETTE COUNTY,ND,13674,12772
SARGENT COUNTY,ND,4366,4549
SHERIDAN COUNTY,ND,1710,2148
SIOUX COUNTY,ND,4044,3761
SLOPE COUNTY,ND,767,907
STARK COUNTY,ND,22636,22832
STEELE COUNTY,ND,2258,2420
STUTSMAN COUNTY,ND,21908,22241
TOWNER COUNTY,ND,2876,3627
TRAILL COUNTY,ND,8477,8752
WALSH COUNTY,ND,12389,13840
WARD COUNTY,ND,58795,57921
WELLS COUNTY,ND,5102,5864
WILLIAMS COUNTY,ND,19761,21129
ADAMS COUNTY,OH,27330,25371
ALLEN COUNTY,OH,108473,109755
ASHLAND COUNTY,OH,52523,47507
ASHTABULA COUNTY,OH,102728,99821
ATHENS COUNTY,OH,62223,59549
AUGLAIZE COUNTY,OH,46611,44585
BELMONT COUNTY,OH,70226,71074
BROWN COUNTY,OH,42285,34966
BUTLER COUNTY,OH,332807,291479
CARROLL COUNTY,OH,28836,26521
CHAMPAIGN COUNTY,OH,38890,36019
CLARK COUNTY,OH,144742,147548
CLERMONT COUNTY,OH,177977,150187
CLINTON COUNTY,OH,40543,35415
COLUMBIANA COUNTY,OH,112075,108276
COSHOCTON COUNTY,OH,36655,35427
CRAWFORD COUNTY,OH,46966,47870
CUYAHOGA COUNTY,OH,1393978,1412140
DARKE COUNTY,OH,53309,53619
DEFIANCE COUNTY,OH,39500,39350
DELAWARE COUNTY,OH,109989,66929
ERIE COUNTY,OH,79551,76779
FAIRFIELD COUNTY,OH,122759,103461
FAYETTE COUNTY,OH,28433,27466
FRANKLIN COUNTY,OH,1068978,961437
FULTON COUNTY,OH,42084,38498
GALLIA COUNTY,OH,31069,30954
GEAUGA COUNTY,OH,90895,81129
GREENE COUNTY,OH,147886,136731
GUERNSEY COUNTY,OH,40792,39024
HAMILTON COUNTY,OH,845303,866228
HANCOCK COUNTY,OH,71295,65536
HARDIN COUNTY,OH,31945,31111
HARRISON COUNTY,OH,15856,16085
HENRY COUNTY,OH,29210,29108
HIGHLAND COUNTY,OH,40875,35728
HOCKING COUNTY,OH,28241,25533
HOLMES COUNTY,OH,38943,32849
HURON COUNTY,OH,59487,56240
JACKSON COUNTY,OH,32641,30230
JEFFERSON COUNTY,OH,73894,80298
KNOX COUNTY,OH,54500,47473
LAKE COUNTY,OH,227511,215499
LAWRENCE COUNTY,OH,62319,61834
LICKING COUNTY,OH,145491,128300
LOGAN COUNTY,OH,46005,42310
LORAIN COUNTY,OH,284664,271126
LUCAS COUNTY,OH,455054,462361
MADISON COUNTY,OH,40213,37068
MAHONING COUNTY,OH,257555,264806
MARION COUNTY,OH,66217,64274
MEDINA COUNTY,OH,151095,122354
MEIGS COUNTY,OH,23072,22987
MERCER COUNTY,OH,40924,39443
MIAMI COUNTY,OH,98868,93182
MONROE COUNTY,OH,15180,15497
MONTGOMERY COUNTY,OH,559062,573809
MORGAN COUNTY,OH,14897,14194
MORROW COUNTY,OH,31628,27749
MUSKINGUM COUNTY,OH,84585,82068
NOBLE COUNTY,OH,14058,11336
OTTAWA COUNTY,OH,40985,40029
PAULDING COUNTY,OH,20293,20488
PERRY COUNTY,OH,34078,31557
PICKAWAY COUNTY,OH,52727,48255
PIKE COUNTY,OH,27695,24249
PORTAGE COUNTY,OH,152061,142585
PREBLE COUNTY,OH,42337,40113
PUTNAM COUNTY,OH,34726,33819
RICHLAND COUNTY,OH,128852,126137
ROSS COUNTY,OH,73345,69330
SANDUSKY COUNTY,OH,61792,61963
SCIOTO COUNTY,OH,79195,80327
SENECA COUNTY,OH,58683,59733
SHELBY COUNTY,OH,47910,44915
STARK COUNTY,OH,378098,367585
SUMMIT COUNTY,OH,542899,514990
TRUMBULL COUNTY,OH,225116,227813
TUSCARAWAS COUNTY,OH,90914,84090
UNION COUNTY,OH,40909,31969
VAN WERT COUNTY,OH,29659,30464
VINTON COUNTY,OH,12806,11098
WARREN COUNTY,OH,158383,113909
WASHINGTON COUNTY,OH,63251,62254
WAYNE COUNTY,OH,111564,101461
WILLIAMS COUNTY,OH,39188,36956
WOOD COUNTY,OH,121065,113269
WYANDOT COUNTY,OH,22908,22254
ADAIR COUNTY,OK,21038,18421
ALFALFA COUNTY,OK,6105,6416
ATOKA COUNTY,OK,13879,12778
BEAVER COUNTY,OK,5857,6023
BECKHAM COUNTY,OK,19799,18812
BLAINE COUNTY,OK,11976,11470
BRYAN COUNTY,OK,36534,32089
CADDO COUNTY,OK,30150,29550
CANADIAN COUNTY,OK,87697,74409
CARTER COUNTY,OK,45621,42919
CHEROKEE COUNTY,OK,42521,34049
CHOCTAW COUNTY,OK,15342,15302
CIMARRON COUNTY,OK,3148,3301
CLEVELAND COUNTY,OK,208016,174253
COAL COUNTY,OK,6031,5780
COMANCHE COUNTY,OK,114996,111486
COTTON COUNTY,OK,6614,6651
CRAIG COUNTY,OK,14950,14104
CREEK COUNTY,OK,67367,60915
CUSTER COUNTY,OK,26142,26897
DELAWARE COUNTY,OK,37077,28070
DEWEY COUNTY,OK,4743,5551
ELLIS COUNTY,OK,4075,4497
GARFIELD COUNTY,OK,57813,56735
GARVIN COUNTY,OK,27210,26605
GRADY COUNTY,OK,45516,41747
GRANT COUNTY,OK,5144,5689
GREER COUNTY,OK,6061,6559
HARMON COUNTY,OK,3283,3793
HARPER COUNTY,OK,3562,4063
HASKELL COUNTY,OK,11792,10940
HUGHES COUNTY,OK,14154,13023
JACKSON COUNTY,OK,28439,28764
JEFFERSON COUNTY,OK,6818,7010
JOHNSTON COUNTY,OK,10513,10032
KAY COUNTY,OK,48080,48056
KINGFISHER COUNTY,OK,13926,13212
KIOWA COUNTY,OK,10227,11347
LATIMER COUNTY,OK,10692,10333
LE FLORE COUNTY,OK,48109,43270
LINCOLN COUNTY,OK,32080,29216
LOGAN COUNTY,OK,33924,29011
LOVE COUNTY,OK,8831,8157
MCCLAIN COUNTY,OK,27740,22795
MCCURTAIN COUNTY,OK,34402,33433
MCINTOSH COUNTY,OK,19456,16779
MAJOR COUNTY,OK,7545,8055
MARSHALL COUNTY,OK,13184,10829
MAYES COUNTY,OK,38369,33366
MURRAY COUNTY,OK,12623,12042
MUSKOGEE COUNTY,OK,69451,68078
NOBLE COUNTY,OK,11411,11045
NOWATA COUNTY,OK,10569,9992
OKFUSKEE COUNTY,OK,11814,11551
OKLAHOMA COUNTY,OK,660448,599611
OKMULGEE COUNTY,OK,39685,36490
OSAGE COUNTY,OK,44437,41645
OTTAWA COUNTY,OK,33194,30561
PAWNEE COUNTY,OK,16612,15575
PAYNE COUNTY,OK,68190,61507
PITTSBURG COUNTY,OK,43953,40581
PONTOTOC COUNTY,OK,35143,34119
POTTAWATOMIE COUNTY,OK,65521,58760
PUSHMATAHA COUNTY,OK,11667,10997
ROGER MILLS COUNTY,OK,3436,4147
ROGERS COUNTY,OK,70641,55170
SEMINOLE COUNTY,OK,24894,25412
SEQUOYAH COUNTY,OK,38972,33828
STEPHENS COUNTY,OK,43182,42299
TEXAS COUNTY,OK,20107,16419
TILLMAN COUNTY,OK,9287,10384
TULSA COUNTY,OK,563299,503341
WAGONER COUNTY,OK,57491,47883
WASHINGTON COUNTY,OK,48996,48066
WASHITA COUNTY,OK,11508,11441
WOODS COUNTY,OK,9089,9103
WOODWARD COUNTY,OK,18486,18976
BAKER COUNTY,OR,16741,15317
BENTON COUNTY,OR,78153,70811
CLACKAMAS COUNTY,OR,338391,278850
CLATSOP COUNTY,OR,35630,33301
COLUMBIA COUNTY,OR,43560,37557
COOS COUNTY,OR,62779,60273
CROOK COUNTY,OR,19182,14111
CURRY COUNTY,OR,21137,19327
DESCHUTES COUNTY,OR,115367,74958
DOUGLAS COUNTY,OR,100399,94649
GILLIAM COUNTY,OR,1915,1717
GRANT COUNTY,OR,7935,7853
HARNEY COUNTY,OR,7609,7060
HOOD RIVER COUNTY,OR,20411,16903
JACKSON COUNTY,OR,181269,146389
JEFFERSON COUNTY,OR,19009,13676
JOSEPHINE COUNTY,OR,75726,62649
KLAMATH COUNTY,OR,63775,57702
LAKE COUNTY,OR,7422,7186
LANE COUNTY,OR,322959,282912
LINCOLN COUNTY,OR,44479,38889
LINN COUNTY,OR,103069,91227
MALHEUR COUNTY,OR,31615,26038
MARION COUNTY,OR,284834,228483
MORROW COUNTY,OR,10995,7625
MULTNOMAH COUNTY,OR,660486,583887
POLK COUNTY,OR,62380,49541
SHERMAN COUNTY,OR,1934,1918
TILLAMOOK COUNTY,OR,24262,21570
UMATILLA COUNTY,OR,70548,59249
UNION COUNTY,OR,24530,23598
WALLOWA COUNTY,OR,7226,6911
WASCO COUNTY,OR,23791,21683
WASHINGTON COUNTY,OR,445342,311554
WHEELER COUNTY,OR,1547,1396
YAMHILL COUNTY,OR,84992,65551
ADAMS COUNTY,PA,91292,78274
ALLEGHENY COUNTY,PA,1281666,1336449
ARMSTRONG COUNTY,PA,72392,73478
BEAVER COUNTY,PA,181412,186093
BEDFORD COUNTY,PA,49984,47919
BERKS COUNTY,PA,373638,336523
BLAIR COUNTY,PA,129144,130542
BRADFORD COUNTY,PA,62761,60967
BUCKS COUNTY,PA,597635,541174
BUTLER COUNTY,PA,174083,152013
CAMBRIA COUNTY,PA,152598,163029
CAMERON COUNTY,PA,5974,5913
CARBON COUNTY,PA,58802,56846
CENTRE COUNTY,PA,135758,123786
CHESTER COUNTY,PA,433501,376396
CLARION COUNTY,PA,41765,41699
CLEARFIELD COUNTY,PA,83382,78097
CLINTON COUNTY,PA,37914,37182
COLUMBIA COUNTY,PA,64151,63202
CRAWFORD COUNTY,PA,90366,86169
CUMBERLAND COUNTY,PA,213674,195257
DAUPHIN COUNTY,PA,251798,237813
DELAWARE COUNTY,PA,550864,547651
ELK COUNTY,PA,35112,34878
ERIE COUNTY,PA,280843,275572
FAYETTE COUNTY,PA,148644,145351
FOREST COUNTY,PA,4946,4802
FRANKLIN COUNTY,PA,129313,121082
FULTON COUNTY,PA,14261,13837
GREENE COUNTY,PA,40672,39550
HUNTINGDON COUNTY,PA,45586,44164
INDIANA COUNTY,PA,89605,89994
JEFFERSON COUNTY,PA,45932,46083
JUNIATA COUNTY,PA,22821,20625
LACKAWANNA COUNTY,PA,213295,219039
LANCASTER COUNTY,PA,470658,422822
LAWRENCE COUNTY,PA,94643,96246
LEBANON COUNTY,PA,120327,113744
LEHIGH COUNTY,PA,312090,291130
LUZERNE COUNTY,PA,319250,328149
LYCOMING COUNTY,PA,120044,118710
MCKEAN COUNTY,PA,45936,47131
MERCER COUNTY,PA,120293,121003
MIFFLIN COUNTY,PA,46486,46197
MONROE COUNTY,PA,138687,95709
MONTGOMERY COUNTY,PA,750097,678111
MONTOUR COUNTY,PA,18236,17735
NORTHAMPTON COUNTY,PA,267066,247105
NORTHUMBERLAND COUNTY,PA,94556,96771
PERRY COUNTY,PA,43602,41172
PHILADELPHIA COUNTY,PA,1517550,1585577
PIKE COUNTY,PA,46302,27966
POTTER COUNTY,PA,18080,16717
SCHUYLKILL COUNTY,PA,150336,152585
SNYDER COUNTY,PA,37546,36680
SOMERSET COUNTY,PA,80023,78218
SULLIVAN COUNTY,PA,6556,6104
SUSQUEHANNA COUNTY,PA,42238,40380
TIOGA COUNTY,PA,41373,41126
UNION COUNTY,PA,41624,36176
VENANGO COUNTY,PA,57565,59381
WARREN COUNTY,PA,43863,45050
WASHINGTON COUNTY,PA,202897,204584
WAYNE COUNTY,PA,47722,39944
WESTMORELAND COUNTY,PA,369993,370321
WYOMING COUNTY,PA,28080,28076
YORK COUNTY,PA,381751,339574
BRISTOL COUNTY,RI,50648,48859
KENT COUNTY,RI,167090,161135
NEWPORT COUNTY,RI,85433,87194
PROVIDENCE COUNTY,RI,621602,596270
WASHINGTON COUNTY,RI,123546,110006
ABBEVILLE COUNTY,SC,26167,23862
AIKEN COUNTY,SC,142552,120940
ALLENDALE COUNTY,SC,11211,11722
ANDERSON COUNTY,SC,165740,145196
BAMBERG COUNTY,SC,16658,16902
BARNWELL COUNTY,SC,23478,20293
BEAUFORT COUNTY,SC,120937,86425
BERKELEY COUNTY,SC,142651,128776
CALHOUN COUNTY,SC,15185,12753
CHARLESTON COUNTY,SC,309969,295039
CHEROKEE COUNTY,SC,52537,44506
CHESTER COUNTY,SC,34068,32170
CHESTERFIELD COUNTY,SC,42768,38577
CLARENDON COUNTY,SC,32502,28450
COLLETON COUNTY,SC,38264,34377
DARLINGTON COUNTY,SC,67394,61851
DILLON COUNTY,SC,30722,29114
DORCHESTER COUNTY,SC,96413,83060
EDGEFIELD COUNTY,SC,24595,18375
FAIRFIELD COUNTY,SC,23454,22295
FLORENCE COUNTY,SC,125761,114344
GEORGETOWN COUNTY,SC,55797,46302
GREENVILLE COUNTY,SC,379616,320167
GREENWOOD COUNTY,SC,66271,59567
HAMPTON COUNTY,SC,21386,18191
HORRY COUNTY,SC,196629,144053
JASPER COUNTY,SC,20678,15487
KERSHAW COUNTY,SC,52647,43599
LANCASTER COUNTY,SC,61351,54516
LAURENS COUNTY,SC,69567,58092
LEE COUNTY,SC,20119,18437
LEXINGTON COUNTY,SC,216014,167611
MCCORMICK COUNTY,SC,9958,8868
MARION COUNTY,SC,35466,33899
MARLBORO COUNTY,SC,28818,29361
NEWBERRY COUNTY,SC,36108,33172
OCONEE COUNTY,SC,66215,57494
ORANGEBURG COUNTY,SC,91582,84803
PICKENS COUNTY,SC,110757,93894
RICHLAND COUNTY,SC,320677,285720
SALUDA COUNTY,SC,19181,16357
SPARTANBURG COUNTY,SC,253791,226800
SUMTER COUNTY,SC,104646,102637
UNION COUNTY,SC,29881,30337
WILLIAMSBURG COUNTY,SC,37217,36815
YORK COUNTY,SC,164614,131497
AURORA COUNTY,SD,3058,3135
BEADLE COUNTY,SD,17023,18253
BENNETT COUNTY,SD,3574,3206
BON HOMME COUNTY,SD,7260,7089
BROOKINGS COUNTY,SD,28220,25207
BROWN COUNTY,SD,35460,35580
BRULE COUNTY,SD,5364,5485
BUFFALO COUNTY,SD,2032,1759
BUTTE COUNTY,SD,9094,7914
CAMPBELL COUNTY,SD,1782,1965
CHARLES MIX COUNTY,SD,9350,9131
CLARK COUNTY,SD,4143,4403
CLAY COUNTY,SD,13537,13186
CODINGTON COUNTY,SD,25897,22698
CORSON COUNTY,SD,4181,4195
CUSTER COUNTY,SD,7275,6179
DAVISON COUNTY,SD,18741,17503
DAY COUNTY,SD,6267,6978
DEUEL COUNTY,SD,4498,4522
DEWEY COUNTY,SD,5972,5523
DOUGLAS COUNTY,SD,3458,3746
EDMUNDS COUNTY,SD,4367,4356
FALL RIVER COUNTY,SD,7453,7353
FAULK COUNTY,SD,2640,2744
GRANT COUNTY,SD,7847,8372
GREGORY COUNTY,SD,4792,5359
HAAKON COUNTY,SD,2196,2624
HAMLIN COUNTY,SD,5540,4974
HAND COUNTY,SD,3741,4272
HANSON COUNTY,SD,3139,2994
HARDING COUNTY,SD,1353,1669
HUGHES COUNTY,SD,16481,14817
HUTCHINSON COUNTY,SD,8075,8262
HYDE COUNTY,SD,1671,1696
JACKSON COUNTY,SD,2930,2811
JERAULD COUNTY,SD,2295,2425
JONES COUNTY,SD,1193,1324
KINGSBURY COUNTY,SD,5815,5925
LAKE COUNTY,SD,11276,10550
LAWRENCE COUNTY,SD,21802,20655
LINCOLN COUNTY,SD,24131,15427
LYMAN COUNTY,SD,3895,3638
MCCOOK COUNTY,SD,5832,5688
MCPHERSON COUNTY,SD,2904,3228
MARSHALL COUNTY,SD,4576,4844
MEADE COUNTY,SD,24253,21878
MELLETTE COUNTY,SD,2083,2137
MINER COUNTY,SD,2884,3272
MINNEHAHA COUNTY,SD,148281,123809
MOODY COUNTY,SD,6595,6507
PENNINGTON COUNTY,SD,88565,81343
PERKINS COUNTY,SD,3363,3932
POTTER COUNTY,SD,2693,3190
ROBERTS COUNTY,SD,10016,9914
SANBORN COUNTY,SD,2675,2833
SHANNON COUNTY,SD,12466,9902
SPINK COUNTY,SD,7454,7981
STANLEY COUNTY,SD,2772,2453
SULLY COUNTY,SD,1556,1589
TODD COUNTY,SD,9050,8352
TRIPP COUNTY,SD,6430,6924
TURNER COUNTY,SD,8849,8576
UNION COUNTY,SD,12584,10189
WALWORTH COUNTY,SD,5974,6087
YANKTON COUNTY,SD,21652,19252
ZIEBACH COUNTY,SD,2519,2220
ANDERSON COUNTY,TN,71330,68250
BEDFORD COUNTY,TN,37586,30411
BENTON COUNTY,TN,16537,14524
BLEDSOE COUNTY,TN,12367,9669
BLOUNT COUNTY,TN,105823,85969
BRADLEY COUNTY,TN,87965,73712
CAMPBELL COUNTY,TN,39854,35079
CANNON COUNTY,TN,12826,10467
CARROLL COUNTY,TN,29475,27514
CARTER COUNTY,TN,56742,51505
CHEATHAM COUNTY,TN,35912,27140
CHESTER COUNTY,TN,15540,12819
CLAIBORNE COUNTY,TN,29862,26137
CLAY COUNTY,TN,7976,7238
COCKE COUNTY,TN,33565,29141
COFFEE COUNTY,TN,48014,40339
CROCKETT COUNTY,TN,14532,13378
CUMBERLAND COUNTY,TN,46802,34736
DAVIDSON COUNTY,TN,569891,510784
DECATUR COUNTY,TN,11731,10472
DEKALB COUNTY,TN,17423,14360
DICKSON COUNTY,TN,43156,35061
DYER COUNTY,TN,37279,34854
FAYETTE COUNTY,TN,28806,25559
FENTRESS COUNTY,TN,16625,14669
FRANKLIN COUNTY,TN,39270,34725
GIBSON COUNTY,TN,48152,46315
GILES COUNTY,TN,29447,25741
GRAINGER COUNTY,TN,20659,17095
GREENE COUNTY,TN,62909,55853
GRUNDY COUNTY,TN,14332,13362
HAMBLEN COUNTY,TN,58128,50480
HAMILTON COUNTY,TN,307896,285536
HANCOCK COUNTY,TN,6786,6739
HARDEMAN COUNTY,TN,28105,23377
HARDIN COUNTY,TN,25578,22633
HAWKINS COUNTY,TN,53563,44565
HAYWOOD COUNTY,TN,19797,19437
HENDERSON COUNTY,TN,25522,21844
HENRY COUNTY,TN,31115,27888
HICKMAN COUNTY,TN,22295,16754
HOUSTON COUNTY,TN,8088,7018
HUMPHREYS COUNTY,TN,17929,15795
JACKSON COUNTY,TN,10984,9297
JEFFERSON COUNTY,TN,44294,33016
JOHNSON COUNTY,TN,17499,13766
KNOX COUNTY,TN,382032,335749
LAKE COUNTY,TN,7954,7129
LAUDERDALE COUNTY,TN,27101,23491
LAWRENCE COUNTY,TN,39926,35303
LEWIS COUNTY,TN,11367,9247
LINCOLN COUNTY,TN,31340,28157
LOUDON COUNTY,TN,39086,31255
MCMINN COUNTY,TN,49015,42383
MCNAIRY COUNTY,TN,24653,22422
MACON COUNTY,TN,20386,15906
MADISON COUNTY,TN,91837,77982
MARION COUNTY,TN,27776,24860
MARSHALL COUNTY,TN,26767,21539
MAURY COUNTY,TN,69498,54812
MEIGS COUNTY,TN,11086,8033
MONROE COUNTY,TN,38961,30541
MONTGOMERY COUNTY,TN,134768,100498
MOORE COUNTY,TN,5740,4721
MORGAN COUNTY,TN,19757,17300
OBION COUNTY,TN,32450,31717
OVERTON COUNTY,TN,20118,17636
PERRY COUNTY,TN,7631,6612
PICKETT COUNTY,TN,4945,4548
POLK COUNTY,TN,16050,13643
PUTNAM COUNTY,TN,62315,51373
RHEA COUNTY,TN,28400,24344
ROANE COUNTY,TN,51910,47227
ROBERTSON COUNTY,TN,54433,41494
RUTHERFORD COUNTY,TN,182023,118570
SCOTT COUNTY,TN,21127,18358
SEQUATCHIE COUNTY,TN,11370,8863
SEVIER COUNTY,TN,71170,51043
SHELBY COUNTY,TN,897472,826330
SMITH COUNTY,TN,17712,14143
STEWART COUNTY,TN,12370,9479
SULLIVAN COUNTY,TN,153048,143596
SUMNER COUNTY,TN,130449,103281
TIPTON COUNTY,TN,51271,37568
TROUSDALE COUNTY,TN,7259,5920
UNICOI COUNTY,TN,17667,16549
UNION COUNTY,TN,17808,13694
VAN BUREN COUNTY,TN,5508,4846
WARREN COUNTY,TN,38276,32992
WASHINGTON COUNTY,TN,107198,92315
WAYNE COUNTY,TN,16842,13935
WEAKLEY COUNTY,TN,34895,31972
WHITE COUNTY,TN,23102,20090
WILLIAMSON COUNTY,TN,126638,81021
WILSON COUNTY,TN,88809,67675
ANDERSON COUNTY,TX,55109,48024
ANDREWS COUNTY,TX,13004,14338
ANGELINA COUNTY,TX,80130,69884
ARANSAS COUNTY,TX,22497,17892
ARCHER COUNTY,TX,8854,7973
ARMSTRONG COUNTY,TX,2148,2021
ATASCOSA COUNTY,TX,38628,30533
AUSTIN COUNTY,TX,23590,19832
BAILEY COUNTY,TX,6594,7064
BANDERA COUNTY,TX,17645,10562
BASTROP COUNTY,TX,57733,38263
BAYLOR COUNTY,TX,4093,4385
BEE COUNTY,TX,32359,25135
BELL COUNTY,TX,237974,191088
BEXAR COUNTY,TX,1392931,1185394
BLANCO COUNTY,TX,8418,5972
BORDEN COUNTY,TX,729,799
BOSQUE COUNTY,TX,17204,15125
BOWIE COUNTY,TX,89306,81665
BRAZORIA COUNTY,TX,241767,191707
BRAZOS COUNTY,TX,152415,121862
BREWSTER COUNTY,TX,8866,8681
BRISCOE COUNTY,TX,1790,1971
BROOKS COUNTY,TX,7976,8204
BROWN COUNTY,TX,37674,34371
BURLESON COUNTY,TX,16470,13625
BURNET COUNTY,TX,34147,22677
CALDWELL COUNTY,TX,32194,26392
CALHOUN COUNTY,TX,20647,19053
CALLAHAN COUNTY,TX,12905,11859
CAMERON COUNTY,TX,335227,260120
CAMP COUNTY,TX,11549,9904
CARSON COUNTY,TX,6516,6576
CASS COUNTY,TX,30438,29982
CASTRO COUNTY,TX,8285,9070
CHAMBERS COUNTY,TX,26031,20088
CHEROKEE COUNTY,TX,46659,41049
CHILDRESS COUNTY,TX,7688,5953
CLAY COUNTY,TX,11006,10024
COCHRAN COUNTY,TX,3730,4377
COKE COUNTY,TX,3864,3424
COLEMAN COUNTY,TX,9235,9710
COLLIN COUNTY,TX,491675,264036
COLLINGSWORTH COUNTY,TX,3206,3573
COLORADO COUNTY,TX,20390,18383
COMAL COUNTY,TX,78021,51832
COMANCHE COUNTY,TX,14026,13381
CONCHO COUNTY,TX,3966,3044
COOKE COUNTY,TX,36363,30777
CORYELL COUNTY,TX,74978,64213
COTTLE COUNTY,TX,1904,2247
CRANE COUNTY,TX,3996,4652
CROCKETT COUNTY,TX,4099,4078
CROSBY COUNTY,TX,7072,7304
CULBERSON COUNTY,TX,2975,3407
DALLAM COUNTY,TX,6222,5461
DALLAS COUNTY,TX,2218899,1852810
DAWSON COUNTY,TX,14985,14349
DEAF SMITH COUNTY,TX,18561,19153
DELTA COUNTY,TX,5327,4857
DENTON COUNTY,TX,432976,273525
DEWITT COUNTY,TX,20013,18840
DICKENS COUNTY,TX,2762,2571
DIMMIT COUNTY,TX,10248,10433
DONLEY COUNTY,TX,3828,3696
DUVAL COUNTY,TX,13120,12918
EASTLAND COUNTY,TX,18297,18488
ECTOR COUNTY,TX,121123,118934
EDWARDS COUNTY,TX,2162,2266
ELLIS COUNTY,TX,111360,85167
EL PASO COUNTY,TX,679622,591610
ERATH COUNTY,TX,33001,27991
FALLS COUNTY,TX,18576,17712
FANNIN COUNTY,TX,31242,24804
FAYETTE COUNTY,TX,21804,20095
FISHER COUNTY,TX,4344,4842
FLOYD COUNTY,TX,7771,8497
FOARD COUNTY,TX,1622,1794
FORT BEND COUNTY,TX,354452,225421
FRANKLIN COUNTY,TX,9458,7802
FREESTONE COUNTY,TX,17867,15818
FRIO COUNTY,TX,16252,13472
GAINES COUNTY,TX,14467,14123
GALVESTON COUNTY,TX,250158,217399
GARZA COUNTY,TX,4872,5143
GILLESPIE COUNTY,TX,20814,17204
GLASSCOCK COUNTY,TX,1406,1447
GOLIAD COUNTY,TX,6928,5980
GONZALES COUNTY,TX,18628,17205
GRAY COUNTY,TX,22744,23967
GRAYSON COUNTY,TX,110595,95021
GREGG COUNTY,TX,111379,104948
GRIMES COUNTY,TX,23552,18828
GUADALUPE COUNTY,TX,89023,64873
HALE COUNTY,TX,36602,34671
HALL COUNTY,TX,3782,3905
HAMILTON COUNTY,TX,8229,7733
HANSFORD COUNTY,TX,5369,5848
HARDEMAN COUNTY,TX,4724,5283
HARDIN COUNTY,TX,48073,41320
HARRIS COUNTY,TX,3400578,2818199
HARRISON COUNTY,TX,62110,57483
HARTLEY COUNTY,TX,5537,3634
HASKELL COUNTY,TX,6093,6820
HAYS COUNTY,TX,97589,65614
HEMPHILL COUNTY,TX,3351,3720
HENDERSON COUNTY,TX,73277,58543
HIDALGO COUNTY,TX,569463,383545
HILL COUNTY,TX,32321,27146
HOCKLEY COUNTY,TX,22716,24199
HOOD COUNTY,TX,41100,28981
HOPKINS COUNTY,TX,31960,28833
HOUSTON COUNTY,TX,23185,21375
HOWARD COUNTY,TX,33627,32343
HUDSPETH COUNTY,TX,3344,2915
HUNT COUNTY,TX,76596,64343
HUTCHINSON COUNTY,TX,23857,25689
IRION COUNTY,TX,1771,1629
JACK COUNTY,TX,8763,6981
JACKSON COUNTY,TX,14391,13039
JASPER COUNTY,TX,35604,31102
JEFF DAVIS COUNTY,TX,2207,1946
JEFFERSON COUNTY,TX,252051,239397
JIM HOGG COUNTY,TX,5281,5109
JIM WELLS COUNTY,TX,39326,37679
JOHNSON COUNTY,TX,126811,97165
JONES COUNTY,TX,20785,16490
KARNES COUNTY,TX,15446,12455
KAUFMAN COUNTY,TX,71313,52220
KENDALL COUNTY,TX,23743,14589
KENEDY COUNTY,TX,414,460
KENT COUNTY,TX,859,1010
KERR COUNTY,TX,43653,36304
KIMBLE COUNTY,TX,4468,4122
KING COUNTY,TX,356,354
KINNEY COUNTY,TX,3379,3119
KLEBERG COUNTY,TX,31549,30274
KNOX COUNTY,TX,4253,4837
LAMAR COUNTY,TX,48499,43949
LAMB COUNTY,TX,14709,15072
LAMPASAS COUNTY,TX,17762,13521
LA SALLE COUNTY,TX,5866,5254
LAVACA COUNTY,TX,19210,18690
LEE COUNTY,TX,15657,12854
LEON COUNTY,TX,15335,12665
LIBERTY COUNTY,TX,70154,52726
LIMESTONE COUNTY,TX,22051,20946
LIPSCOMB COUNTY,TX,3057,3143
LIVE OAK COUNTY,TX,12309,9556
LLANO COUNTY,TX,17044,11631
LOVING COUNTY,TX,67,107
LUBBOCK COUNTY,TX,242628,222636
LYNN COUNTY,TX,6550,6758
MCCULLOCH COUNTY,TX,8205,8778
MCLENNAN COUNTY,TX,213517,189123
MCMULLEN COUNTY,TX,851,817
MADISON COUNTY,TX,12940,10931
MARION COUNTY,TX,10941,9984
MARTIN COUNTY,TX,4746,4956
MASON COUNTY,TX,3738,3423
MATAGORDA COUNTY,TX,37957,36928
MAVERICK COUNTY,TX,47297,36378
MEDINA COUNTY,TX,39304,27312
MENARD COUNTY,TX,2360,2252
MIDLAND COUNTY,TX,116009,106611
MILAM COUNTY,TX,24238,22946
MILLS COUNTY,TX,5151,4531
MITCHELL COUNTY,TX,9698,8016
MONTAGUE COUNTY,TX,19117,17274
MONTGOMERY COUNTY,TX,293768,182201
MOORE COUNTY,TX,20121,17865
MORRIS COUNTY,TX,13048,13200
MOTLEY COUNTY,TX,1426,1532
NACOGDOCHES COUNTY,TX,59203,54753
NAVARRO COUNTY,TX,45124,39926
NEWTON COUNTY,TX,15072,13569
NOLAN COUNTY,TX,15802,16594
NUECES COUNTY,TX,313645,291145
OCHILTREE COUNTY,TX,9006,9128
OLDHAM COUNTY,TX,2185,2278
ORANGE COUNTY,TX,84966,80509
PALO PINTO COUNTY,TX,27026,25055
PANOLA COUNTY,TX,22756,22035
PARKER COUNTY,TX,88495,64785
PARMER COUNTY,TX,10016,9863
PECOS COUNTY,TX,16809,14675
POLK COUNTY,TX,41133,30687
POTTER COUNTY,TX,113546,97874
PRESIDIO COUNTY,TX,7304,6637
RAINS COUNTY,TX,9139,6715
RANDALL COUNTY,TX,104312,89673
REAGAN COUNTY,TX,3326,4514
REAL COUNTY,TX,3047,2412
RED RIVER COUNTY,TX,14314,14317
REEVES COUNTY,TX,13137,15852
REFUGIO COUNTY,TX,7828,7976
ROBERTS COUNTY,TX,887,1025
ROBERTSON COUNTY,TX,16000,15511
ROCKWALL COUNTY,TX,43080,25604
RUNNELS COUNTY,TX,11495,11294
RUSK COUNTY,TX,47372,43735
SABINE COUNTY,TX,10469,9586
SAN AUGUSTINE COUNTY,TX,8946,7999
SAN JACINTO COUNTY,TX,22246,16372
SAN PATRICIO COUNTY,TX,67138,58749
SAN SABA COUNTY,TX,6186,5401
SCHLEICHER COUNTY,TX,2935,2990
SCURRY COUNTY,TX,16361,18634
SHACKELFORD COUNTY,TX,3302,3316
SHELBY COUNTY,TX,25224,22034
SHERMAN COUNTY,TX,3186,2858
SMITH COUNTY,TX,174706,151309
SOMERVELL COUNTY,TX,6809,5360
STARR COUNTY,TX,53597,40518
STEPHENS COUNTY,TX,9674,9010
STERLING COUNTY,TX,1393,1438
STONEWALL COUNTY,TX,1693,2013
SUTTON COUNTY,TX,4077,4135
SWISHER COUNTY,TX,8378,8133
TARRANT COUNTY,TX,1446219,1170103
TAYLOR COUNTY,TX,126555,119655
TERRELL COUNTY,TX,1081,1410
TERRY COUNTY,TX,12761,13218
THROCKMORTON COUNTY,TX,1850,1880
TITUS COUNTY,TX,28118,24009
TOM GREEN COUNTY,TX,104010,98458
TRAVIS COUNTY,TX,812280,576407
TRINITY COUNTY,TX,13779,11445
TYLER COUNTY,TX,20871,16646
UPSHUR COUNTY,TX,35291,31370
UPTON COUNTY,TX,3404,4447
UVALDE COUNTY,TX,25926,23340
VAL VERDE COUNTY,TX,44856,38721
VAN ZANDT COUNTY,TX,48140,37944
VICTORIA COUNTY,TX,84088,74361
WALKER COUNTY,TX,61758,50917
WALLER COUNTY,TX,32663,23390
WARD COUNTY,TX,10909,13115
WASHINGTON COUNTY,TX,30373,26154
WEBB COUNTY,TX,193117,133239
WHARTON COUNTY,TX,41188,39955
WHEELER COUNTY,TX,5284,5879
WICHITA COUNTY,TX,131664,122378
WILBARGER COUNTY,TX,14676,15121
WILLACY COUNTY,TX,20082,17705
WILLIAMSON COUNTY,TX,249967,139551
WILSON COUNTY,TX,32408,22650
WINKLER COUNTY,TX,7173,8626
WISE COUNTY,TX,48793,34679
WOOD COUNTY,TX,36752,29380
YOAKUM COUNTY,TX,7322,8786
YOUNG COUNTY,TX,17943,18126
ZAPATA COUNTY,TX,12182,9279
ZAVALA COUNTY,TX,11600,12162
BEAVER COUNTY,UT,6005,4765
BOX ELDER COUNTY,UT,42745,36485
CACHE COUNTY,UT,91391,70183
CARBON COUNTY,UT,20422,20228
DAGGETT COUNTY,UT,921,690
DAVIS COUNTY,UT,238994,187941
DUCHESNE COUNTY,UT,14371,12645
EMERY COUNTY,UT,10860,10332
GARFIELD COUNTY,UT,4735,3980
GRAND COUNTY,UT,8485,6620
IRON COUNTY,UT,33779,20789
JUAB COUNTY,UT,8238,5817
KANE COUNTY,UT,6046,5169
MILLARD COUNTY,UT,12405,11333
MORGAN COUNTY,UT,7129,5528
PIUTE COUNTY,UT,1435,1277
RICH COUNTY,UT,1961,1725
SALT LAKE COUNTY,UT,898387,725956
SAN JUAN COUNTY,UT,14413,12621
SANPETE COUNTY,UT,22763,16259
SEVIER COUNTY,UT,18842,15431
SUMMIT COUNTY,UT,29736,15518
TOOELE COUNTY,UT,40735,26601
UINTAH COUNTY,UT,25224,22211
UTAH COUNTY,UT,368536,263590
WASATCH COUNTY,UT,15215,10089
WASHINGTON COUNTY,UT,90354,48560
WAYNE COUNTY,UT,2509,2177
WEBER COUNTY,UT,196533,158330
ADDISON COUNTY,VT,35974,32953
BENNINGTON COUNTY,VT,36994,35845
CALEDONIA COUNTY,VT,29702,27846
CHITTENDEN COUNTY,VT,146571,131761
ESSEX COUNTY,VT,6459,6405
FRANKLIN COUNTY,VT,45417,39980
GRAND ISLE COUNTY,VT,6901,5318
LAMOILLE COUNTY,VT,23233,19735
ORANGE COUNTY,VT,28226,26149
ORLEANS COUNTY,VT,26277,24053
RUTLAND COUNTY,VT,63400,62142
WASHINGTON COUNTY,VT,58039,54928
WINDHAM COUNTY,VT,44216,41588
WINDSOR COUNTY,VT,57418,54055
ACCOMACK COUNTY,VA,38305,31703
ALBEMARLE COUNTY,VA,79236,68040
ALLEGHANY COUNTY,VA,12926,13176
AMELIA COUNTY,VA,11400,8787
AMHERST COUNTY,VA,31894,28578
APPOMATTOX COUNTY,VA,13705,12298
ARLINGTON COUNTY,VA,189453,170936
AUGUSTA COUNTY,VA,65615,54677
BATH COUNTY,VA,5048,4799
BEDFORD COUNTY,VA,60371,45656
BLAND COUNTY,VA,6871,6514
BOTETOURT COUNTY,VA,30496,24992
BRUNSWICK COUNTY,VA,18419,15987
BUCHANAN COUNTY,VA,26978,31333
BUCKINGHAM COUNTY,VA,15623,12873
CAMPBELL COUNTY,VA,51078,47572
CAROLINE COUNTY,VA,22121,19217
CARROLL COUNTY,VA,29245,26594
CHARLES CITY COUNTY,VA,6926,6282
CHARLOTTE COUNTY,VA,12472,11688
CHESTERFIELD COUNTY,VA,259903,209274
CLARKE COUNTY,VA,12652,12101
CRAIG COUNTY,VA,5091,4372
CULPEPER COUNTY,VA,34262,27791
CUMBERLAND COUNTY,VA,9017,7825
DICKENSON COUNTY,VA,16395,17620
DINWIDDIE COUNTY,VA,24533,20960
ESSEX COUNTY,VA,9989,8689
FAIRFAX COUNTY,VA,969749,818584
FAUQUIER COUNTY,VA,55139,48741
FLOYD COUNTY,VA,13874,12005
FLUVANNA COUNTY,VA,20047,12429
FRANKLIN COUNTY,VA,47286,39549
FREDERICK COUNTY,VA,59209,45723
GILES COUNTY,VA,16657,16366
GLOUCESTER COUNTY,VA,34780,30131
GOOCHLAND COUNTY,VA,16863,14163
GRAYSON COUNTY,VA,17917,16278
GREENE COUNTY,VA,15244,10297
GREENSVILLE COUNTY,VA,11560,8853
HALIFAX COUNTY,VA,37355,29033
HANOVER COUNTY,VA,86320,63306
HENRICO COUNTY,VA,262300,217881
HENRY COUNTY,VA,57930,56942
HIGHLAND COUNTY,VA,2536,2635
ISLE OF WIGHT COUNTY,VA,29728,25053
JAMES CITY COUNTY,VA,48102,34859
KING AND QUEEN COUNTY,VA,6630,6289
KING GEORGE COUNTY,VA,16803,13527
KING WILLIAM COUNTY,VA,13146,10913
LANCASTER COUNTY,VA,11567,10896
LEE COUNTY,VA,23589,24496
LOUDOUN COUNTY,VA,169599,86129
LOUISA COUNTY,VA,25627,20325
LUNENBURG COUNTY,VA,13146,11419
MADISON COUNTY,VA,12520,11949
MATHEWS COUNTY,VA,9207,8348
MECKLENBURG COUNTY,VA,32380,29241
MIDDLESEX COUNTY,VA,9932,8653
MONTGOMERY COUNTY,VA,83629,73913
NELSON COUNTY,VA,14445,12778
NEW KENT COUNTY,VA,13462,10445
NORTHAMPTON COUNTY,VA,13093,13061
NORTHUMBERLAND COUNTY,VA,12259,10524
NOTTOWAY COUNTY,VA,15725,14993
ORANGE COUNTY,VA,25881,21421
PAGE COUNTY,VA,23177,21690
PATRICK COUNTY,VA,19407,17473
PITTSYLVANIA COUNTY,VA,61745,55655
POWHATAN COUNTY,VA,22377,15328
PRINCE EDWARD COUNTY,VA,19720,17320
PRINCE GEORGE COUNTY,VA,33047,27394
PRINCE WILLIAM COUNTY,VA,280813,215686
PULASKI COUNTY,VA,35127,34496
RAPPAHANNOCK COUNTY,VA,6983,6622
RICHMOND COUNTY,VA,8809,7273
ROANOKE COUNTY,VA,85778,79332
ROCKBRIDGE COUNTY,VA,20808,18350
ROCKINGHAM COUNTY,VA,67725,57482
RUSSELL COUNTY,VA,30308,28667
SCOTT COUNTY,VA,23403,23204
SHENANDOAH COUNTY,VA,35075,31636
SMYTH COUNTY,VA,33081,32370
SOUTHAMPTON COUNTY,VA,17482,17550
SPOTSYLVANIA COUNTY,VA,90395,57403
STAFFORD COUNTY,VA,92446,61236
SURRY COUNTY,VA,6829,6145
SUSSEX COUNTY,VA,12504,10248
TAZEWELL COUNTY,VA,44598,45960
WARREN COUNTY,VA,31584,26142
WASHINGTON COUNTY,VA,51103,45887
WESTMORELAND COUNTY,VA,16718,15480
WISE COUNTY,VA,40123,39573
WYTHE COUNTY,VA,27599,25466
YORK COUNTY,VA,56297,42422
ALEXANDRIA CITY,VA,128283,111183
BEDFORD CITY,VA,6299,6073
BRISTOL CITY,VA,17367,18426
BUENA VISTA CITY,VA,6349,6406
CHARLOTTESVILLE CITY,VA,45049,40341
CHESAPEAKE CITY,VA,199184,151976
CLIFTON FORGE CITY,VA,4289,4679
COLONIAL HEIGHTS CITY,VA,16897,16064
COVINGTON CITY,VA,6303,6991
DANVILLE CITY,VA,48411,53056
EMPORIA CITY,VA,5665,5306
FAIRFAX CITY,VA,21498,19622
FALLS CHURCH CITY,VA,10377,9578
FRANKLIN CITY,VA,8346,7864
FREDERICKSBURG CITY,VA,19279,19027
GALAX CITY,VA,6837,6670
HAMPTON CITY,VA,146437,133793
HARRISONBURG CITY,VA,40468,30707
HOPEWELL CITY,VA,22354,23101
LEXINGTON CITY,VA,6867,6959
LYNCHBURG CITY,VA,65269,66049
MANASSAS CITY,VA,35135,27957
MANASSAS PARK CITY,VA,10290,6734
MARTINSVILLE CITY,VA,15416,16162
NEWPORT NEWS CITY,VA,180150,170045
NORFOLK CITY,VA,234403,261229
NORTON CITY,VA,3904,4247
PETERSBURG CITY,VA,33740,38386
POQUOSON CITY,VA,11566,11005
PORTSMOUTH CITY,VA,100565,103907
RADFORD CITY,VA,15859,15940
RICHMOND CITY,VA,197790,203056
ROANOKE CITY,VA,94911,96397
SALEM CITY,VA,24747,23756
STAUNTON CITY,VA,23853,24461
SUFFOLK CITY,VA,63677,52141
VIRGINIA BEACH CITY,VA,425257,393069
WAYNESBORO CITY,VA,19520,18549
WILLIAMSBURG CITY,VA,11998,11530
WINCHESTER CITY,VA,23585,21947
ADAMS COUNTY,WA,16428,13603
ASOTIN COUNTY,WA,20551,17605
BENTON COUNTY,WA,142475,112560
CHELAN COUNTY,WA,66616,52250
CLALLAM COUNTY,WA,64525,56464
CLARK COUNTY,WA,345238,238053
COLUMBIA COUNTY,WA,4064,4024
COWLITZ COUNTY,WA,92948,82119
DOUGLAS COUNTY,WA,32603,26205
FERRY COUNTY,WA,7260,6295
FRANKLIN COUNTY,WA,49347,37473
GARFIELD COUNTY,WA,2397,2248
GRANT COUNTY,WA,74698,54758
GRAYS HARBOR COUNTY,WA,67194,64175
ISLAND COUNTY,WA,71558,60195
JEFFERSON COUNTY,WA,25953,20146
KING COUNTY,WA,1737034,1507319
KITSAP COUNTY,WA,231969,189731
KITTITAS COUNTY,WA,33362,26725
KLICKITAT COUNTY,WA,19161,16616
LEWIS COUNTY,WA,68600,59358
LINCOLN COUNTY,WA,10184,8864
MASON COUNTY,WA,49405,38341
OKANOGAN COUNTY,WA,39564,33350
PACIFIC COUNTY,WA,20984,18882
PEND OREILLE COUNTY,WA,11732,8915
PIERCE COUNTY,WA,700820,586203
SAN JUAN COUNTY,WA,14077,10035
SKAGIT COUNTY,WA,102979,79555
SKAMANIA COUNTY,WA,9872,8289
SNOHOMISH COUNTY,WA,606024,465642
SPOKANE COUNTY,WA,417939,361364
STEVENS COUNTY,WA,40066,30948
THURSTON COUNTY,WA,207355,161238
WAHKIAKUM COUNTY,WA,3824,3327
WALLA WALLA COUNTY,WA,55180,48439
WHATCOM COUNTY,WA,166814,127780
WHITMAN COUNTY,WA,40740,38775
YAKIMA COUNTY,WA,222581,188823
BARBOUR COUNTY,WV,15557,15699
BERKELEY COUNTY,WV,75905,59253
BOONE COUNTY,WV,25535,25870
BRAXTON COUNTY,WV,14702,12998
BROOKE COUNTY,WV,25447,26992
CABELL COUNTY,WV,96784,96827
CALHOUN COUNTY,WV,7582,7885
CLAY COUNTY,WV,10330,9983
DODDRIDGE COUNTY,WV,7403,6994
FAYETTE COUNTY,WV,47579,47952
GILMER COUNTY,WV,7160,7669
GRANT COUNTY,WV,11299,10428
GREENBRIER COUNTY,WV,34453,34693
HAMPSHIRE COUNTY,WV,20203,16498
HANCOCK COUNTY,WV,32667,35233
HARDY COUNTY,WV,12669,10977
HARRISON COUNTY,WV,68652,69371
JACKSON COUNTY,WV,28000,25938
JEFFERSON COUNTY,WV,42190,35926
KANAWHA COUNTY,WV,200073,207619
LEWIS COUNTY,WV,16919,17223
LINCOLN COUNTY,WV,22108,21382
LOGAN COUNTY,WV,37710,43032
MCDOWELL COUNTY,WV,27329,35233
MARION COUNTY,WV,56598,57249
MARSHALL COUNTY,WV,35519,37356
MASON COUNTY,WV,25957,25178
MERCER COUNTY,WV,62980,64980
MINERAL COUNTY,WV,27078,26697
MINGO COUNTY,WV,28253,33739
MONONGALIA COUNTY,WV,81866,75509
MONROE COUNTY,WV,14583,12406
MORGAN COUNTY,WV,14943,12128
NICHOLAS COUNTY,WV,26562,26775
OHIO COUNTY,WV,47427,50871
PENDLETON COUNTY,WV,8196,8054
PLEASANTS COUNTY,WV,7514,7546
POCAHONTAS COUNTY,WV,9131,9008
PRESTON COUNTY,WV,29334,29037
PUTNAM COUNTY,WV,51589,42835
RALEIGH COUNTY,WV,79220,76819
RANDOLPH COUNTY,WV,28262,27803
RITCHIE COUNTY,WV,10343,10233
ROANE COUNTY,WV,15446,15120
SUMMERS COUNTY,WV,12999,14204
TAYLOR COUNTY,WV,16089,15144
TUCKER COUNTY,WV,7321,7728
TYLER COUNTY,WV,9592,9796
UPSHUR COUNTY,WV,23404,22867
WAYNE COUNTY,WV,42903,41636
WEBSTER COUNTY,WV,9719,10729
WETZEL COUNTY,WV,17693,19258
WIRT COUNTY,WV,5873,5192
WOOD COUNTY,WV,87986,86915
WYOMING COUNTY,WV,25708,28990
ADAMS COUNTY,WI,18643,15682
ASHLAND COUNTY,WI,16866,16307
BARRON COUNTY,WI,44963,40750
BAYFIELD COUNTY,WI,15013,14008
BROWN COUNTY,WI,226778,194594
BUFFALO COUNTY,WI,13804,13584
BURNETT COUNTY,WI,15674,13084
CALUMET COUNTY,WI,40631,34291
CHIPPEWA COUNTY,WI,55195,52360
CLARK COUNTY,WI,33557,31647
COLUMBIA COUNTY,WI,52468,45088
CRAWFORD COUNTY,WI,17243,15940
DANE COUNTY,WI,426526,367085
DODGE COUNTY,WI,85897,76559
DOOR COUNTY,WI,27961,25690
DOUGLAS COUNTY,WI,43287,41758
DUNN COUNTY,WI,39858,35909
EAU CLAIRE COUNTY,WI,93142,85183
FLORENCE COUNTY,WI,5088,4590
FOND DU LAC COUNTY,WI,97296,90083
FOREST COUNTY,WI,10024,8776
GRANT COUNTY,WI,49597,49264
GREEN COUNTY,WI,33647,30339
GREEN LAKE COUNTY,WI,19105,18651
IOWA COUNTY,WI,22780,20150
IRON COUNTY,WI,6861,6153
JACKSON COUNTY,WI,19100,16588
JEFFERSON COUNTY,WI,74021,67783
JUNEAU COUNTY,WI,24316,21650
KENOSHA COUNTY,WI,149577,128181
KEWAUNEE COUNTY,WI,20187,18878
LA CROSSE COUNTY,WI,107120,97904
LAFAYETTE COUNTY,WI,16137,16076
LANGLADE COUNTY,WI,20740,19505
LINCOLN COUNTY,WI,29641,26993
MANITOWOC COUNTY,WI,82887,80421
MARATHON COUNTY,WI,125834,115400
MARINETTE COUNTY,WI,43384,40548
MARQUETTE COUNTY,WI,15832,12321
MENOMINEE COUNTY,WI,4562,3890
MILWAUKEE COUNTY,WI,940164,959275
MONROE COUNTY,WI,40899,36633
OCONTO COUNTY,WI,35634,30226
ONEIDA COUNTY,WI,36776,31679
OUTAGAMIE COUNTY,WI,160971,140510
OZAUKEE COUNTY,WI,82317,72831
PEPIN COUNTY,WI,7213,7107
PIERCE COUNTY,WI,36804,32765
POLK COUNTY,WI,41319,34773
PORTAGE COUNTY,WI,67182,61405
PRICE COUNTY,WI,15822,15600
RACINE COUNTY,WI,188831,175034
RICHLAND COUNTY,WI,17924,17521
ROCK COUNTY,WI,152307,139510
RUSK COUNTY,WI,15347,15079
ST. CROIX COUNTY,WI,63155,50251
SAUK COUNTY,WI,55225,46975
SAWYER COUNTY,WI,16196,14181
SHAWANO COUNTY,WI,40664,37157
SHEBOYGAN COUNTY,WI,112646,103877
TAYLOR COUNTY,WI,19680,18901
TREMPEALEAU COUNTY,WI,27010,25263
VERNON COUNTY,WI,28056,25617
VILAS COUNTY,WI,21033,17707
WALWORTH COUNTY,WI,93759,75000
WASHBURN COUNTY,WI,16036,13772
WASHINGTON COUNTY,WI,117493,95328
WAUKESHA COUNTY,WI,360767,304715
WAUPACA COUNTY,WI,51731,46104
WAUSHARA COUNTY,WI,23154,19385
WINNEBAGO COUNTY,WI,156763,140320
WOOD COUNTY,WI,75555,73605
ALBANY COUNTY,WY,32014,30797
BIG HORN COUNTY,WY,11461,10525
CAMPBELL COUNTY,WY,33698,29370
CARBON COUNTY,WY,15639,16659
CONVERSE COUNTY,WY,12052,11128
CROOK COUNTY,WY,5887,5294
FREMONT COUNTY,WY,35804,33662
GOSHEN COUNTY,WY,12538,12373
HOT SPRINGS COUNTY,WY,4882,4809
JOHNSON COUNTY,WY,7075,6145
LARAMIE COUNTY,WY,81607,73142
LINCOLN COUNTY,WY,14573,12625
NATRONA COUNTY,WY,66533,61226
NIOBRARA COUNTY,WY,2407,2499
PARK COUNTY,WY,25786,23178
PLATTE COUNTY,WY,8807,8145
SHERIDAN COUNTY,WY,26560,23562
SUBLETTE COUNTY,WY,5920,4843
SWEETWATER COUNTY,WY,37613,38823
TETON COUNTY,WY,18251,11172
UINTA COUNTY,WY,19742,18705
WASHAKIE COUNTY,WY,8289,8388
WESTON COUNTY,WY,6644,6518