STATE,COUNTY,1990 INCOME
AL,Autauga County,58425
AL,Baldwin County,53013
AL,Barbour County,39976
AL,Bibb County,40772
AL,Blount County,46147
AL,Bullock County,30401
AL,Butler County,33100
AL,Calhoun County,49074
AL,Chambers County,43825
AL,Cherokee County,44056
AL,Chilton County,44590
AL,Choctaw County,35287
AL,Clarke County,39312
AL,Clay County,39693
AL,Cleburne County,43623
AL,Coffee County,49287
AL,Colbert County,46138
AL,Conecuh County,32972
AL,Coosa County,41811
AL,Covington County,37924
AL,Crenshaw County,33937
AL,Cullman County,44683
AL,Dale County,49670
AL,Dallas County,34005
AL,DeKalb County,41514
AL,Elmore County,54309
AL,Escambia County,38085
AL,Etowah County,46007
AL,Fayette County,40914
AL,Franklin County,36920
AL,Geneva County,41291
AL,Greene County,24720
AL,Hale County,29912
AL,Henry County,45627
AL,Houston County,51159
AL,Jackson County,45174
AL,Jefferson County,53314
AL,Lamar County,42510
AL,Lauderdale County,48844
AL,Lawrence County,44367
AL,Lee County,43765
AL,Limestone County,55410
AL,Lowndes County,32131
AL,Macon County,32250
AL,Madison County,68138
AL,Marengo County,38479
AL,Marion County,38050
AL,Marshall County,44242
AL,Mobile County,47409
AL,Monroe County,43586
AL,Montgomery County,54742
AL,Morgan County,58480
AL,Perry County,28388
AL,Pickens County,36862
AL,Pike County,35693
AL,Randolph County,40081
AL,Russell County,43287
AL,St. Clair County,49701
AL,Shelby County,75981
AL,Sumter County,26413
AL,Talladega County,44077
AL,Tallapoosa County,45400
AL,Tuscaloosa County,47536
AL,Walker County,42192
AL,Washington County,41405
AL,Wilcox County,25642
AL,Winston County,36980
AK,Aleutians East Borough,87387
AK,Aleutians West Census Area,72548
AK,Anchorage Borough,90607
AK,Bethel Census Area,52373
AK,Bristol Bay Borough,105382
AK,Dillingham Census Area,59336
AK,Fairbanks North Star Borough,77251
AK,Haines Borough,74323
AK,Juneau Borough,98809
AK,Kenai Peninsula Borough,87426
AK,Ketchikan Gateway Borough,93135
AK,Kodiak Island Borough,92399
AK,Lake and Peninsula Borough,52021
AK,Matanuska-Susitna Borough,84008
AK,Nome Census Area,62150
AK,North Slope Borough,104065
AK,Northwest Arctic Borough,68684
AK,Sitka Borough,89352
AK,Southeast Fairbanks Census Area,62311
AK,Valdez-Cordova Census Area,97935
AK,Wade Hampton Census Area,42444
AK,Wrangell-Petersburg Census Area,86636
AK,Yukon-Koyukuk Census Area,49369
AZ,Apache County,29071
AZ,Cochise County,46235
AZ,Coconino County,53837
AZ,Gila County,43223
AZ,Graham County,38050
AZ,Greenlee County,56680
AZ,La Paz County,34133
AZ,Maricopa County,63497
AZ,Mohave County,49487
AZ,Navajo County,40106
AZ,Pima County,52371
AZ,Pinal County,43918
AZ,Santa Cruz County,45495
AZ,Yavapai County,45483
AZ,Yuma County,48730
AR,Arkansas County,40238
AR,Ashley County,42491
AR,Baxter County,38815
AR,Benton County,53650
AR,Boone County,42588
AR,Bradley County,35584
AR,Calhoun County,43706
AR,Carroll County,42520
AR,Chicot County,26143
AR,Clark County,37252
AR,Clay County,33440
AR,Cleburne County,40077
AR,Cleveland County,40623
AR,Columbia County,38081
AR,Conway County,42345
AR,Craighead County,45668
AR,Crawford County,44481
AR,Crittenden County,43190
AR,Cross County,39275
AR,Dallas County,36392
AR,Desha County,32409
AR,Drew County,38980
AR,Faulkner County,48788
AR,Franklin County,37953
AR,Fulton County,30823
AR,Garland County,41772
AR,Grant County,50056
AR,Greene County,41112
AR,Hempstead County,35021
AR,Hot Spring County,39906
AR,Howard County,43868
AR,Independence County,41664
AR,Izard County,34865
AR,Jackson County,34310
AR,Jefferson County,43961
AR,Johnson County,37576
AR,Lafayette County,28553
AR,Lawrence County,31621
AR,Lee County,24636
AR,Lincoln County,38054
AR,Little River County,44928
AR,Logan County,39157
AR,Lonoke County,49134
AR,Madison County,37920
AR,Marion County,35504
AR,Miller County,41714
AR,Mississippi County,38188
AR,Monroe County,28108
AR,Montgomery County,34025
AR,Nevada County,39007
AR,Newton County,31213
AR,Ouachita County,43413
AR,Perry County,36341
AR,Phillips County,26949
AR,Pike County,39669
AR,Poinsett County,34757
AR,Polk County,36677
AR,Pope County,46031
AR,Prairie County,35141
AR,Pulaski County,55427
AR,Randolph County,34471
AR,St. Francis County,30986
AR,Saline County,58270
AR,Scott County,33957
AR,Searcy County,27259
AR,Sebastian County,49559
AR,Sevier County,39603
AR,Sharp County,35796
AR,Stone County,32277
AR,Union County,43382
AR,Van Buren County,35262
AR,Washington County,47677
AR,White County,40662
AR,Woodruff County,28914
AR,Yell County,40508
CA,Alameda County,77408
CA,Alpine County,51398
CA,Amador County,62400
CA,Butte County,46959
CA,Calaveras County,56998
CA,Colusa County,51363
CA,Contra Costa County,92960
CA,Del Norte County,47250
CA,El Dorado County,72282
CA,Fresno County,54384
CA,Glenn County,47072
CA,Humboldt County,48629
CA,Imperial County,46270
CA,Inyo County,50279
CA,Kern County,59037
CA,Kings County,52590
CA,Lake County,44934
CA,Lassen County,55182
CA,Los Angeles County,72090
CA,Madera County,56431
CA,Marin County,100088
CA,Mariposa County,52105
CA,Mendocino County,54520
CA,Merced County,52674
CA,Modoc County,45419
CA,Mono County,65820
CA,Monterey County,69111
CA,Napa County,75818
CA,Nevada County,66389
CA,Orange County,94681
CA,Placer County,77525
CA,Plumas County,50099
CA,Riverside County,68206
CA,Sacramento County,66589
CA,San Benito County,75200
CA,San Bernardino County,68952
CA,San Diego County,72208
CA,San Francisco County,68892
CA,San Joaquin County,63163
CA,San Luis Obispo County,64253
CA,San Mateo County,95743
CA,Santa Barbara County,73558
CA,Santa Clara County,99203
CA,Santa Cruz County,76517
CA,Shasta County,52742
CA,Sierra County,48776
CA,Siskiyou County,45196
CA,Solano County,80643
CA,Sonoma County,74841
CA,Stanislaus County,61427
CA,Sutter County,55866
CA,Tehama County,46258
CA,Trinity County,42254
CA,Tulare County,50411
CA,Tuolumne County,55730
CA,Ventura County,94042
CA,Yolo County,59515
CA,Yuba County,44376
CO,Adams County,62930
CO,Alamosa County,41782
CO,Arapahoe County,76769
CO,Archuleta County,47202
CO,Baca County,38353
CO,Bent County,39126
CO,Boulder County,72826
CO,Chaffee County,43656
CO,Cheyenne County,50186
CO,Clear Creek County,68346
CO,Conejos County,29252
CO,Costilla County,26920
CO,Crowley County,33170
CO,Custer County,41236
CO,Delta County,38209
CO,Denver County,51763
CO,Dolores County,41137
CO,Douglas County,106632
CO,Eagle County,76144
CO,Elbert County,74787
CO,El Paso County,61037
CO,Fremont County,41211
CO,Garfield County,60155
CO,Gilpin County,65767
CO,Grand County,61835
CO,Gunnison County,47448
CO,Hinsdale County,54122
CO,Huerfano County,30370
CO,Jackson County,43169
CO,Jefferson County,80583
CO,Kiowa County,44157
CO,Kit Carson County,47679
CO,Lake County,50942
CO,La Plata County,53109
CO,Larimer County,61206
CO,Las Animas County,33578
CO,Lincoln County,42462
CO,Logan County,45493
CO,Mesa County,48860
CO,Mineral County,40885
CO,Moffat County,65183
CO,Montezuma County,46371
CO,Montrose County,46617
CO,Morgan County,47110
CO,Otero County,37479
CO,Ouray County,56699
CO,Park County,66187
CO,Phillips County,44295
CO,Pitkin County,82453
CO,Prowers County,42524
CO,Pueblo County,44437
CO,Rio Blanco County,60293
CO,Rio Grande County,39572
CO,Routt County,64759
CO,Saguache County,32685
CO,San Juan County,53951
CO,San Miguel County,63045
CO,Sedgwick County,39864
CO,Summit County,72635
CO,Teller County,66408
CO,Washington County,42549
CO,Weld County,52868
CO,Yuma County,45872
CT,Fairfield County,102865
CT,Hartford County,83727
CT,Litchfield County,87760
CT,Middlesex County,89094
CT,New Haven County,79319
CT,New London County,77292
CT,Tolland County,92820
CT,Windham County,69793
DE,Kent County,60816
DE,New Castle County,79620
DE,Sussex County,55470
DC,District of Columbia,63352
FL,Alachua County,45532
FL,Baker County,53227
FL,Bay County,50893
FL,Bradford County,50771
FL,Brevard County,62955
FL,Broward County,63031
FL,Calhoun County,38380
FL,Charlotte County,53083
FL,Citrus County,43885
FL,Clay County,71874
FL,Collier County,70103
FL,Columbia County,45279
FL,Dade County,55480
FL,DeSoto County,43219
FL,Dixie County,31710
FL,Duval County,58788
FL,Escambia County,51870
FL,Flagler County,59025
FL,Franklin County,35559
FL,Gadsden County,41205
FL,Gilchrist County,42539
FL,Glades County,42652
FL,Gulf County,45083
FL,Hamilton County,38574
FL,Hardee County,45493
FL,Hendry County,51347
FL,Hernando County,46887
FL,Highlands County,43598
FL,Hillsborough County,58713
FL,Holmes County,35547
FL,Indian River County,59711
FL,Jackson County,40145
FL,Jefferson County,44910
FL,Lafayette County,42769
FL,Lake County,48235
FL,Lee County,58654
FL,Leon County,56334
FL,Levy County,38776
FL,Liberty County,45881
FL,Madison County,37427
FL,Manatee County,53505
FL,Marion County,46291
FL,Martin County,65482
FL,Monroe County,60515
FL,Nassau County,62334
FL,Okaloosa County,57608
FL,Okeechobee County,44178
FL,Orange County,62373
FL,Osceola County,56204
FL,Palm Beach County,67057
FL,Pasco County,44287
FL,Pinellas County,54217
FL,Polk County,51990
FL,Putnam County,41555
FL,St. Johns County,61701
FL,St. Lucie County,57132
FL,Santa Rosa County,56872
FL,Sarasota County,61686
FL,Seminole County,73476
FL,Sumter County,40378
FL,Suwannee County,40772
FL,Taylor County,44081
FL,Union County,47072
FL,Volusia County,51169
FL,Wakulla County,51584
FL,Walton County,43910
FL,Washington County,37660
GA,Appling County,45918
GA,Atkinson County,36462
GA,Bacon County,39417
GA,Baker County,38120
GA,Baldwin County,52602
GA,Banks County,49936
GA,Barrow County,56777
GA,Bartow County,56810
GA,Ben Hill County,39392
GA,Berrien County,43254
GA,Bibb County,53221
GA,Bleckley County,46782
GA,Brantley County,45538
GA,Brooks County,40151
GA,Bryan County,59014
GA,Bulloch County,42555
GA,Burke County,36425
GA,Butts County,50349
GA,Calhoun County,32246
GA,Camden County,58167
GA,Candler County,39947
GA,Carroll County,52796
GA,Catoosa County,52742
GA,Charlton County,46035
GA,Chatham County,55093
GA,Chattahoochee County,52173
GA,Chattooga County,41926
GA,Cherokee County,80517
GA,Clarke County,42897
GA,Clay County,28265
GA,Clayton County,69012
GA,Clinch County,37314
GA,Cobb County,85146
GA,Coffee County,42578
GA,Colquitt County,41918
GA,Columbia County,82723
GA,Cook County,40943
GA,Coweta County,65822
GA,Crawford County,53192
GA,Crisp County,36693
GA,Dade County,41598
GA,Dawson County,58513
GA,Decatur County,42996
GA,DeKalb County,73649
GA,Dodge County,37615
GA,Dooly County,33660
GA,Dougherty County,48631
GA,Douglas County,76571
GA,Early County,33856
GA,Echols County,44481
GA,Effingham County,60705
GA,Elbert County,42268
GA,Emanuel County,36887
GA,Evans County,41178
GA,Fannin County,39221
GA,Fayette County,103434
GA,Floyd County,52650
GA,Forsyth County,75548
GA,Franklin County,44664
GA,Fulton County,61808
GA,Gilmer County,44143
GA,Glascock County,44959
GA,Glynn County,57497
GA,Gordon County,55629
GA,Grady County,40219
GA,Greene County,41780
GA,Gwinnett County,89725
GA,Habersham County,50279
GA,Hall County,61388
GA,Hancock County,36751
GA,Haralson County,46957
GA,Harris County,56938
GA,Hart County,50169
GA,Heard County,44355
GA,Henry County,77420
GA,Houston County,64387
GA,Irwin County,41584
GA,Jackson County,52406
GA,Jasper County,53062
GA,Jeff Davis County,44266
GA,Jefferson County,35207
GA,Jenkins County,34982
GA,Johnson County,37244
GA,Jones County,65841
GA,Lamar County,48114
GA,Lanier County,36324
GA,Laurens County,44922
GA,Lee County,63862
GA,Liberty County,44526
GA,Lincoln County,44270
GA,Long County,38765
GA,Lowndes County,48029
GA,Lumpkin County,53845
GA,McDuffie County,43899
GA,McIntosh County,39549
GA,Macon County,36135
GA,Madison County,51734
GA,Marion County,37819
GA,Meriwether County,41673
GA,Miller County,42242
GA,Mitchell County,39021
GA,Monroe County,57256
GA,Montgomery County,41347
GA,Morgan County,53643
GA,Murray County,54672
GA,Muscogee County,49598
GA,Newton County,57713
GA,Oconee County,71268
GA,Oglethorpe County,50858
GA,Paulding County,68214
GA,Peach County,52790
GA,Pickens County,52056
GA,Pierce County,42264
GA,Pike County,57179
GA,Polk County,46031
GA,Pulaski County,44073
GA,Putnam County,50153
GA,Quitman County,32931
GA,Rabun County,43662
GA,Randolph County,28807
GA,Richmond County,52091
GA,Rockdale County,81212
GA,Schley County,44157
GA,Screven County,42330
GA,Seminole County,38015
GA,Spalding County,52852
GA,Stephens County,45780
GA,Stewart County,32176
GA,Sumter County,43209
GA,Talbot County,42244
GA,Taliaferro County,30308
GA,Tattnall County,41840
GA,Taylor County,33421
GA,Telfair County,34170
GA,Terrell County,37186
GA,Thomas County,43093
GA,Tift County,46227
GA,Toombs County,40149
GA,Towns County,39908
GA,Treutlen County,35856
GA,Troup County,51107
GA,Turner County,36629
GA,Twiggs County,39613
GA,Union County,41802
GA,Upson County,46899
GA,Walker County,49623
GA,Walton County,58138
GA,Ware County,42114
GA,Warren County,35636
GA,Washington County,44246
GA,Wayne County,48062
GA,Webster County,39231
GA,Wheeler County,34194
GA,White County,49965
GA,Whitfield County,57311
GA,Wilcox County,33675
GA,Wilkes County,38409
GA,Wilkinson County,51887
GA,Worth County,43941
HI,Hawaii County,61260
HI,Honolulu County,83669
HI,Kalawao County,20618
HI,Kauai County,77162
HI,Maui County,79938
ID,Ada County,62361
ID,Adams County,46297
ID,Bannock County,54173
ID,Bear Lake County,44629
ID,Benewah County,44345
ID,Bingham County,51870
ID,Blaine County,64326
ID,Boise County,53705
ID,Bonner County,44256
ID,Bonneville County,62806
ID,Boundary County,44662
ID,Butte County,54208
ID,Camas County,50390
ID,Canyon County,47378
ID,Caribou County,61810
ID,Cassia County,48206
ID,Clark County,50685
ID,Clearwater County,49328
ID,Custer County,50293
ID,Elmore County,48967
ID,Franklin County,52464
ID,Fremont County,48448
ID,Gem County,44318
ID,Gooding County,40871
ID,Idaho County,45551
ID,Jefferson County,50351
ID,Jerome County,43728
ID,Kootenai County,52767
ID,Latah County,46668
ID,Lemhi County,40611
ID,Lewis County,43145
ID,Lincoln County,44617
ID,Madison County,47421
ID,Minidoka County,48095
ID,Nez Perce County,51996
ID,Oneida County,46559
ID,Owyhee County,38339
ID,Payette County,41992
ID,Power County,51072
ID,Shoshone County,43256
ID,Teton County,47006
ID,Twin Falls County,48493
ID,Valley County,49961
ID,Washington County,36941
IL,Adams County,48074
IL,Alexander County,30485
IL,Bond County,48980
IL,Boone County,72375
IL,Brown County,42153
IL,Bureau County,54118
IL,Calhoun County,43633
IL,Carroll County,53107
IL,Cass County,48745
IL,Champaign County,54722
IL,Christian County,50526
IL,Clark County,48000
IL,Clay County,41248
IL,Clinton County,61627
IL,Coles County,49798
IL,Cook County,67365
IL,Crawford County,49301
IL,Cumberland County,48705
IL,DeKalb County,63635
IL,De Witt County,56072
IL,Douglas County,55169
IL,DuPage County,100772
IL,Edgar County,44652
IL,Edwards County,43788
IL,Effingham County,56173
IL,Fayette County,45419
IL,Ford County,53196
IL,Franklin County,38551
IL,Fulton County,44743
IL,Gallatin County,39390
IL,Greene County,42786
IL,Grundy County,73663
IL,Hamilton County,37677
IL,Hancock County,49557
IL,Hardin County,31953
IL,Henderson County,45699
IL,Henry County,54015
IL,Iroquois County,52441
IL,Jackson County,36219
IL,Jasper County,46908
IL,Jefferson County,46178
IL,Jersey County,55928
IL,Jo Daviess County,55425
IL,Johnson County,45262
IL,Kane County,82636
IL,Kankakee County,58315
IL,Kendall County,88315
IL,Knox County,50561
IL,Lake County,94939
IL,La Salle County,55860
IL,Lawrence County,40592
IL,Lee County,58315
IL,Livingston County,61540
IL,Logan County,56757
IL,McDonough County,44893
IL,McHenry County,89628
IL,McLean County,64670
IL,Macon County,58963
IL,Macoupin County,49303
IL,Madison County,61567
IL,Marion County,47035
IL,Marshall County,54534
IL,Mason County,46254
IL,Massac County,40477
IL,Menard County,60464
IL,Mercer County,54856
IL,Monroe County,72340
IL,Montgomery County,49233
IL,Morgan County,54437
IL,Moultrie County,55363
IL,Ogle County,63829
IL,Peoria County,58128
IL,Perry County,47378
IL,Piatt County,64676
IL,Pike County,42322
IL,Pope County,39238
IL,Pulaski County,32215
IL,Putnam County,62134
IL,Randolph County,53316
IL,Richland County,47448
IL,Rock Island County,55262
IL,St. Clair County,55283
IL,Saline County,37831
IL,Sangamon County,62575
IL,Schuyler County,43462
IL,Scott County,48745
IL,Shelby County,53689
IL,Stark County,51813
IL,Stephenson County,58431
IL,Tazewell County,63777
IL,Union County,41592
IL,Vermilion County,49155
IL,Wabash County,53650
IL,Warren County,45893
IL,Washington County,52342
IL,Wayne County,42594
IL,White County,42600
IL,Whiteside County,55843
IL,Will County,84935
IL,Williamson County,45448
IL,Winnebago County,64608
IL,Woodford County,70874
IN,Adams County,59363
IN,Allen County,65637
IN,Bartholomew County,63856
IN,Benton County,55379
IN,Blackford County,52623
IN,Boone County,71445
IN,Brown County,60668
IN,Carroll County,58773
IN,Cass County,53530
IN,Clark County,56464
IN,Clay County,48390
IN,Clinton County,53911
IN,Crawford County,41992
IN,Daviess County,47011
IN,Dearborn County,64736
IN,Decatur County,57113
IN,De Kalb County,63853
IN,Delaware County,50382
IN,Dubois County,64383
IN,Elkhart County,63860
IN,Fayette County,52709
IN,Floyd County,58678
IN,Fountain County,51074
IN,Franklin County,57181
IN,Fulton County,53897
IN,Gibson County,53575
IN,Grant County,54118
IN,Greene County,47707
IN,Hamilton County,94323
IN,Hancock County,76973
IN,Harrison County,56159
IN,Hendricks County,82249
IN,Henry County,52922
IN,Howard County,64969
IN,Huntington County,61196
IN,Jackson County,53126
IN,Jasper County,58856
IN,Jay County,48874
IN,Jefferson County,51173
IN,Jennings County,50755
IN,Johnson County,72235
IN,Knox County,44431
IN,Kosciusko County,65288
IN,Lagrange County,56278
IN,Lake County,62759
IN,La Porte County,58697
IN,Lawrence County,53120
IN,Madison County,56565
IN,Marion County,60105
IN,Marshall County,58371
IN,Martin County,48130
IN,Miami County,50392
IN,Monroe County,51093
IN,Montgomery County,57771
IN,Morgan County,67548
IN,Newton County,59016
IN,Noble County,61534
IN,Ohio County,54095
IN,Orange County,43328
IN,Owen County,48254
IN,Parke County,50542
IN,Perry County,49808
IN,Pike County,47619
IN,Porter County,76579
IN,Posey County,65008
IN,Pulaski County,52406
IN,Putnam County,57128
IN,Randolph County,51076
IN,Ripley County,54860
IN,Rush County,51773
IN,St. Joseph County,58214
IN,Scott County,44788
IN,Shelby County,62608
IN,Spencer County,59332
IN,Starke County,46976
IN,Steuben County,60210
IN,Sullivan County,47297
IN,Switzerland County,49217
IN,Tippecanoe County,56967
IN,Tipton County,64324
IN,Union County,50792
IN,Vanderburgh County,53190
IN,Vermillion County,46058
IN,Vigo County,48462
IN,Wabash County,55099
IN,Warren County,52947
IN,Warrick County,70243
IN,Washington County,47209
IN,Wayne County,48400
IN,Wells County,64453
IN,White County,54864
IN,Whitley County,64179
IA,Adair County,44176
IA,Adams County,42411
IA,Allamakee County,43499
IA,Appanoose County,36768
IA,Audubon County,44330
IA,Benton County,53522
IA,Black Hawk County,52953
IA,Boone County,53833
IA,Bremer County,56340
IA,Buchanan County,48217
IA,Buena Vista County,52186
IA,Butler County,48023
IA,Calhoun County,46382
IA,Carroll County,50289
IA,Cass County,44949
IA,Cedar County,57138
IA,Cerro Gordo County,51784
IA,Cherokee County,47353
IA,Chickasaw County,50835
IA,Clarke County,44813
IA,Clay County,51602
IA,Clayton County,44134
IA,Clinton County,52390
IA,Crawford County,45790
IA,Dallas County,59532
IA,Davis County,41347
IA,Decatur County,37328
IA,Delaware County,53105
IA,Des Moines County,54711
IA,Dickinson County,51980
IA,Dubuque County,58299
IA,Emmet County,46988
IA,Fayette County,43522
IA,Floyd County,48130
IA,Franklin County,48949
IA,Fremont County,47314
IA,Greene County,46019
IA,Grundy County,54254
IA,Guthrie County,48155
IA,Hamilton County,53291
IA,Hancock County,52462
IA,Hardin County,48363
IA,Harrison County,45891
IA,Henry County,51446
IA,Howard County,45180
IA,Humboldt County,50631
IA,Ida County,47130
IA,Iowa County,54800
IA,Jackson County,46363
IA,Jasper County,59177
IA,Jefferson County,46658
IA,Johnson County,57445
IA,Jones County,50472
IA,Keokuk County,45842
IA,Kossuth County,48083
IA,Lee County,50866
IA,Linn County,66260
IA,Louisa County,52761
IA,Lucas County,43949
IA,Lyon County,46753
IA,Madison County,54934
IA,Mahaska County,47658
IA,Marion County,57711
IA,Marshall County,58416
IA,Mills County,56534
IA,Mitchell County,50553
IA,Monona County,42708
IA,Monroe County,42772
IA,Montgomery County,48064
IA,Muscatine County,61412
IA,O'Brien County,47679
IA,Osceola County,47497
IA,Page County,45462
IA,Palo Alto County,43757
IA,Plymouth County,55247
IA,Pocahontas County,48487
IA,Polk County,64371
IA,Pottawattamie County,54924
IA,Poweshiek County,53736
IA,Ringgold County,42805
IA,Sac County,44984
IA,Scott County,61810
IA,Shelby County,46806
IA,Sioux County,52971
IA,Story County,54984
IA,Tama County,50095
IA,Taylor County,38434
IA,Union County,44431
IA,Van Buren County,39677
IA,Wapello County,43421
IA,Warren County,66909
IA,Washington County,53239
IA,Wayne County,36285
IA,Webster County,48848
IA,Winnebago County,48411
IA,Winneshiek County,50272
IA,Woodbury County,51928
IA,Worth County,47219
IA,Wright County,50683
KS,Allen County,42831
KS,Anderson County,45268
KS,Atchison County,46058
KS,Barber County,44279
KS,Barton County,48312
KS,Bourbon County,41992
KS,Brown County,42044
KS,Butler County,63940
KS,Chase County,41499
KS,Chautauqua County,35188
KS,Cherokee County,39176
KS,Cheyenne County,44844
KS,Clark County,49489
KS,Clay County,45145
KS,Cloud County,42848
KS,Coffey County,50380
KS,Comanche County,40042
KS,Cowley County,51641
KS,Crawford County,40444
KS,Decatur County,41506
KS,Dickinson County,47324
KS,Doniphan County,45569
KS,Douglas County,52048
KS,Edwards County,45161
KS,Elk County,36555
KS,Ellis County,46320
KS,Ellsworth County,41367
KS,Finney County,56998
KS,Ford County,51629
KS,Franklin County,51505
KS,Geary County,45163
KS,Gove County,48198
KS,Graham County,45456
KS,Grant County,62210
KS,Gray County,53342
KS,Greeley County,53006
KS,Greenwood County,40165
KS,Hamilton County,46390
KS,Harper County,43763
KS,Harvey County,56779
KS,Haskell County,55175
KS,Hodgeman County,49046
KS,Jackson County,52365
KS,Jefferson County,59891
KS,Jewell County,38842
KS,Johnson County,88123
KS,Kearny County,60416
KS,Kingman County,46932
KS,Kiowa County,46654
KS,Labette County,45093
KS,Lane County,48518
KS,Leavenworth County,67008
KS,Lincoln County,38456
KS,Linn County,43889
KS,Logan County,45619
KS,Lyon County,49586
KS,McPherson County,55674
KS,Marion County,44792
KS,Marshall County,42466
KS,Meade County,48252
KS,Miami County,60326
KS,Mitchell County,45687
KS,Montgomery County,43017
KS,Morris County,45776
KS,Morton County,52903
KS,Nemaha County,45656
KS,Neosho County,45976
KS,Ness County,48646
KS,Norton County,43831
KS,Osage County,51270
KS,Osborne County,37864
KS,Ottawa County,45054
KS,Pawnee County,49272
KS,Phillips County,43128
KS,Pottawatomie County,52173
KS,Pratt County,49204
KS,Rawlins County,43982
KS,Reno County,50854
KS,Republic County,41697
KS,Rice County,43479
KS,Riley County,44741
KS,Rooks County,41468
KS,Rush County,39908
KS,Russell County,42974
KS,Saline County,53045
KS,Scott County,52522
KS,Sedgwick County,62299
KS,Seward County,53720
KS,Shawnee County,61604
KS,Sheridan County,44411
KS,Sherman County,43582
KS,Smith County,38831
KS,Stafford County,40778
KS,Stanton County,50606
KS,Stevens County,56800
KS,Sumner County,55431
KS,Thomas County,45868
KS,Trego County,41073
KS,Wabaunsee County,57167
KS,Wallace County,42095
KS,Washington County,40048
KS,Wichita County,48235
KS,Wilson County,38712
KS,Woodson County,40487
KS,Wyandotte County,49029
KY,Adair County,32594
KY,Allen County,36937
KY,Anderson County,57208
KY,Ballard County,39939
KY,Barren County,40299
KY,Bath County,32865
KY,Bell County,26964
KY,Boone County,71101
KY,Bourbon County,46277
KY,Boyd County,49143
KY,Boyle County,47679
KY,Bracken County,40584
KY,Breathitt County,25531
KY,Breckinridge County,36467
KY,Bullitt County,60730
KY,Butler County,36110
KY,Caldwell County,37106
KY,Calloway County,40015
KY,Campbell County,60262
KY,Carlisle County,40007
KY,Carroll County,41605
KY,Carter County,35221
KY,Casey County,30912
KY,Christian County,43363
KY,Clark County,52210
KY,Clay County,26250
KY,Clinton County,23397
KY,Crittenden County,38279
KY,Cumberland County,26780
KY,Daviess County,50305
KY,Edmonson County,31203
KY,Elliott County,28638
KY,Estill County,33104
KY,Fayette County,57845
KY,Fleming County,37141
KY,Floyd County,32289
KY,Franklin County,56666
KY,Fulton County,33168
KY,Gallatin County,44233
KY,Garrard County,43415
KY,Grant County,50518
KY,Graves County,42569
KY,Grayson County,35681
KY,Green County,38003
KY,Greenup County,50569
KY,Hancock County,53771
KY,Hardin County,50371
KY,Harlan County,30461
KY,Harrison County,44920
KY,Hart County,32310
KY,Henderson County,52691
KY,Henry County,46448
KY,Hickman County,41951
KY,Hopkins County,45679
KY,Jackson County,24504
KY,Jefferson County,55858
KY,Jessamine County,55790
KY,Johnson County,32539
KY,Kenton County,62917
KY,Knott County,27481
KY,Knox County,26178
KY,Larue County,46194
KY,Laurel County,38316
KY,Lawrence County,31489
KY,Lee County,25692
KY,Leslie County,28230
KY,Letcher County,31157
KY,Lewis County,32524
KY,Lincoln County,35399
KY,Livingston County,43075
KY,Logan County,43873
KY,Lyon County,41728
KY,McCracken County,46609
KY,McCreary County,21850
KY,McLean County,42213
KY,Madison County,44097
KY,Magoffin County,25071
KY,Marion County,37485
KY,Marshall County,46211
KY,Martin County,31219
KY,Mason County,42435
KY,Meade County,48815
KY,Menifee County,30205
KY,Mercer County,46955
KY,Metcalfe County,30545
KY,Monroe County,31368
KY,Montgomery County,41287
KY,Morgan County,27275
KY,Muhlenberg County,38512
KY,Nelson County,49936
KY,Nicholas County,37256
KY,Ohio County,37516
KY,Oldham County,79206
KY,Owen County,43435
KY,Owsley County,17721
KY,Pendleton County,46390
KY,Perry County,33405
KY,Pike County,36015
KY,Powell County,34695
KY,Pulaski County,37520
KY,Robertson County,40732
KY,Rockcastle County,30858
KY,Rowan County,32827
KY,Russell County,34613
KY,Scott County,56829
KY,Shelby County,58761
KY,Simpson County,44932
KY,Spencer County,46761
KY,Taylor County,43468
KY,Todd County,41873
KY,Trigg County,40947
KY,Trimble County,46126
KY,Union County,49066
KY,Warren County,49844
KY,Washington County,42485
KY,Wayne County,25896
KY,Webster County,43687
KY,Whitley County,30883
KY,Wolfe County,22679
KY,Woodford County,67746
LA,Acadia Parish,33034
LA,Allen Parish,32654
LA,Ascension Parish,56565
LA,Assumption Parish,41279
LA,Avoyelles Parish,27733
LA,Beauregard Parish,46270
LA,Bienville Parish,33077
LA,Bossier Parish,53726
LA,Caddo Parish,46174
LA,Calcasieu Parish,50256
LA,Caldwell Parish,33131
LA,Cameron Parish,51883
LA,Catahoula Parish,30836
LA,Claiborne Parish,33139
LA,Concordia Parish,35596
LA,De Soto Parish,33638
LA,East Baton Rouge Parish,56130
LA,East Carroll Parish,20187
LA,East Feliciana Parish,41522
LA,Evangeline Parish,28446
LA,Franklin Parish,31254
LA,Grant Parish,36516
LA,Iberia Parish,42963
LA,Iberville Parish,42000
LA,Jackson Parish,38770
LA,Jefferson Parish,57557
LA,Jefferson Davis Parish,38075
LA,Lafayette Parish,50182
LA,Lafourche Parish,44155
LA,La Salle Parish,38343
LA,Lincoln Parish,39697
LA,Livingston Parish,52514
LA,Madison Parish,26374
LA,Morehouse Parish,35687
LA,Natchitoches Parish,32531
LA,Orleans Parish,38095
LA,Ouachita Parish,43563
LA,Plaquemines Parish,49639
LA,Pointe Coupee Parish,38704
LA,Rapides Parish,42908
LA,Red River Parish,30578
LA,Richland Parish,31541
LA,Sabine Parish,34617
LA,St. Bernard Parish,52538
LA,St. Charles Parish,65517
LA,St. Helena Parish,31906
LA,St. James Parish,47637
LA,St. John the Baptist Parish,59864
LA,St. Landry Parish,30246
LA,St. Martin Parish,39413
LA,St. Mary Parish,43256
LA,St. Tammany Parish,63206
LA,Tangipahoa Parish,34739
LA,Tensas Parish,24599
LA,Terrebonne Parish,44875
LA,Union Parish,37283
LA,Vermilion Parish,37528
LA,Vernon Parish,39477
LA,Washington Parish,33496
LA,Webster Parish,38588
LA,West Baton Rouge Parish,51239
LA,West Carroll Parish,30770
LA,West Feliciana Parish,40003
LA,Winn Parish,34982
ME,Androscoggin County,55625
ME,Aroostook County,45833
ME,Cumberland County,66567
ME,Franklin County,50373
ME,Hancock County,52054
ME,Kennebec County,59000
ME,Knox County,52380
ME,Lincoln County,58499
ME,Oxford County,50586
ME,Penobscot County,54907
ME,Piscataquis County,45631
ME,Sagadahoc County,65870
ME,Somerset County,47068
ME,Waldo County,47726
ME,Washington County,41221
ME,York County,66868
MD,Allegany County,44423
MD,Anne Arundel County,93084
MD,Baltimore County,80074
MD,Calvert County,98158
MD,Caroline County,57231
MD,Carroll County,87374
MD,Cecil County,74263
MD,Charles County,95698
MD,Dorchester County,51384
MD,Frederick County,85321
MD,Garrett County,46870
MD,Harford County,85935
MD,Howard County,112054
MD,Kent County,62068
MD,Montgomery County,111520
MD,Prince George's County,88919
MD,Queen Anne's County,80801
MD,St. Mary's County,76612
MD,Somerset County,48202
MD,Talbot County,65740
MD,Washington County,61095
MD,Wicomico County,58786
MD,Worcester County,56876
MD,Baltimore city,49575
MA,Barnstable County,65495
MA,Berkshire County,62823
MA,Bristol County,64987
MA,Dukes County,65965
MA,Essex County,78169
MA,Franklin County,62575
MA,Hampden County,64121
MA,Hampshire County,70418
MA,Middlesex County,90403
MA,Nantucket County,83154
MA,Norfolk County,95286
MA,Plymouth County,84337
MA,Suffolk County,60614
MA,Worcester County,73758
MI,Alcona County,37139
MI,Alger County,44470
MI,Allegan County,63082
MI,Alpena County,46592
MI,Antrim County,46670
MI,Arenac County,40182
MI,Baraga County,40048
MI,Barry County,62917
MI,Bay County,57606
MI,Benzie County,44487
MI,Berrien County,56173
MI,Branch County,52229
MI,Calhoun County,56650
MI,Cass County,57734
MI,Charlevoix County,51004
MI,Cheboygan County,43310
MI,Chippewa County,44223
MI,Clare County,35386
MI,Clinton County,74595
MI,Crawford County,44322
MI,Delta County,46990
MI,Dickinson County,51151
MI,Eaton County,73676
MI,Emmet County,53637
MI,Genesee County,63977
MI,Gladwin County,38322
MI,Gogebic County,35757
MI,Grand Traverse County,59862
MI,Gratiot County,50575
MI,Hillsdale County,53645
MI,Houghton County,36390
MI,Huron County,45054
MI,Ingham County,62188
MI,Ionia County,60678
MI,Iosco County,41423
MI,Iron County,33621
MI,Isabella County,46718
MI,Jackson County,60113
MI,Kalamazoo County,64039
MI,Kalkaska County,45520
MI,Kent County,66715
MI,Keweenaw County,28496
MI,Lake County,30023
MI,Lapeer County,73965
MI,Leelanau County,58944
MI,Lenawee County,63940
MI,Livingston County,93686
MI,Luce County,41998
MI,Mackinac County,39992
MI,Macomb County,80267
MI,Manistee County,41188
MI,Marquette County,51827
MI,Mason County,44743
MI,Mecosta County,42852
MI,Menominee County,44506
MI,Midland County,69993
MI,Missaukee County,43157
MI,Monroe County,73115
MI,Montcalm County,49235
MI,Montmorency County,36739
MI,Muskegon County,52817
MI,Newaygo County,48386
MI,Oakland County,89496
MI,Oceana County,46149
MI,Ogemaw County,36421
MI,Ontonagon County,43600
MI,Osceola County,43050
MI,Oscoda County,36642
MI,Otsego County,54340
MI,Ottawa County,75270
MI,Presque Isle County,43176
MI,Roscommon County,35147
MI,Saginaw County,57689
MI,St. Clair County,63280
MI,St. Joseph County,56720
MI,Sanilac County,47642
MI,Schoolcraft County,41466
MI,Shiawassee County,62437
MI,Tuscola County,56439
MI,Van Buren County,52557
MI,Washtenaw County,74857
MI,Wayne County,57724
MI,Wexford County,47246
MN,Aitkin County,36213
MN,Anoka County,82628
MN,Becker County,43132
MN,Beltrami County,43143
MN,Benton County,54883
MN,Big Stone County,40015
MN,Blue Earth County,52299
MN,Brown County,51610
MN,Carlton County,51338
MN,Carver County,80797
MN,Cass County,38621
MN,Chippewa County,45827
MN,Chisago County,64495
MN,Clay County,53382
MN,Clearwater County,36601
MN,Cook County,47231
MN,Cottonwood County,44660
MN,Crow Wing County,45875
MN,Dakota County,87045
MN,Dodge County,59938
MN,Douglas County,45497
MN,Faribault County,46227
MN,Fillmore County,45679
MN,Freeborn County,51058
MN,Goodhue County,60280
MN,Grant County,40767
MN,Hennepin County,73521
MN,Houston County,53289
MN,Hubbard County,41547
MN,Isanti County,64550
MN,Itasca County,46270
MN,Jackson County,47745
MN,Kanabec County,46380
MN,Kandiyohi County,52303
MN,Kittson County,48489
MN,Koochiching County,48268
MN,Lac qui Parle County,44629
MN,Lake County,48406
MN,Lake of the Woods County,50272
MN,Le Sueur County,57124
MN,Lincoln County,39609
MN,Lyon County,50903
MN,McLeod County,60924
MN,Mahnomen County,34893
MN,Marshall County,44755
MN,Martin County,50336
MN,Meeker County,50547
MN,Mille Lacs County,46780
MN,Morrison County,45569
MN,Mower County,48994
MN,Murray County,46747
MN,Nicollet County,62866
MN,Nobles County,47301
MN,Norman County,43788
MN,Olmsted County,73789
MN,Otter Tail County,45171
MN,Pennington County,44475
MN,Pine County,43691
MN,Pipestone County,42755
MN,Polk County,46512
MN,Pope County,41506
MN,Ramsey County,66066
MN,Red Lake County,41083
MN,Redwood County,47064
MN,Renville County,47994
MN,Rice County,61021
MN,Rock County,50479
MN,Roseau County,53421
MN,St. Louis County,49674
MN,Scott County,84117
MN,Sherburne County,73369
MN,Sibley County,51456
MN,Stearns County,56724
MN,Steele County,63031
MN,Stevens County,45196
MN,Swift County,38638
MN,Todd County,38836
MN,Traverse County,42774
MN,Wabasha County,55664
MN,Wadena County,35737
MN,Waseca County,55652
MN,Washington County,90970
MN,Watonwan County,46382
MN,Wilkin County,47588
MN,Winona County,53476
MN,Wright County,68979
MN,Yellow Medicine County,44404
MS,Adams County,35491
MS,Alcorn County,38221
MS,Amite County,32306
MS,Attala County,31710
MS,Benton County,32564
MS,Bolivar County,28906
MS,Calhoun County,37487
MS,Carroll County,34306
MS,Chickasaw County,37646
MS,Choctaw County,35695
MS,Claiborne County,26547
MS,Clarke County,39287
MS,Clay County,37807
MS,Coahoma County,28411
MS,Copiah County,34190
MS,Covington County,36265
MS,DeSoto County,65474
MS,Forrest County,37083
MS,Franklin County,29568
MS,George County,37930
MS,Greene County,37025
MS,Grenada County,41143
MS,Hancock County,42720
MS,Harrison County,45683
MS,Hinds County,50876
MS,Holmes County,20224
MS,Humphreys County,26176
MS,Issaquena County,26813
MS,Itawamba County,42823
MS,Jackson County,54522
MS,Jasper County,33256
MS,Jefferson County,21168
MS,Jefferson Davis County,31838
MS,Jones County,39666
MS,Kemper County,29514
MS,Lafayette County,37495
MS,Lamar County,47963
MS,Lauderdale County,42089
MS,Lawrence County,36120
MS,Leake County,32937
MS,Lee County,50817
MS,Leflore County,31378
MS,Lincoln County,37510
MS,Lowndes County,47390
MS,Madison County,53373
MS,Marion County,33161
MS,Marshall County,38126
MS,Monroe County,41332
MS,Montgomery County,31743
MS,Neshoba County,37601
MS,Newton County,39796
MS,Noxubee County,29287
MS,Oktibbeha County,38157
MS,Panola County,36464
MS,Pearl River County,41510
MS,Perry County,33463
MS,Pike County,31234
MS,Pontotoc County,41695
MS,Prentiss County,36568
MS,Quitman County,28308
MS,Rankin County,65293
MS,Scott County,35133
MS,Sharkey County,27430
MS,Simpson County,39283
MS,Smith County,39403
MS,Stone County,39266
MS,Sunflower County,29753
MS,Tallahatchie County,28026
MS,Tate County,45786
MS,Tippah County,37093
MS,Tishomingo County,36081
MS,Tunica County,22607
MS,Union County,43561
MS,Walthall County,29143
MS,Warren County,47017
MS,Washington County,36065
MS,Wayne County,33184
MS,Webster County,35244
MS,Wilkinson County,24556
MS,Winston County,37772
MS,Yalobusha County,32751
MS,Yazoo County,29347
MO,Adair County,35638
MO,Andrew County,53819
MO,Atchison County,41495
MO,Audrain County,48295
MO,Barry County,39522
MO,Barton County,41134
MO,Bates County,41411
MO,Benton County,34895
MO,Bollinger County,40060
MO,Boone County,52878
MO,Buchanan County,47460
MO,Butler County,33576
MO,Caldwell County,40097
MO,Callaway County,54973
MO,Camden County,46522
MO,Cape Girardeau County,50534
MO,Carroll County,40611
MO,Carter County,31663
MO,Cass County,64684
MO,Cedar County,34924
MO,Chariton County,42945
MO,Christian County,53596
MO,Clark County,40563
MO,Clay County,70864
MO,Clinton County,54237
MO,Cole County,62600
MO,Cooper County,46978
MO,Crawford County,40640
MO,Dade County,38605
MO,Dallas County,34376
MO,Daviess County,37836
MO,DeKalb County,46949
MO,Dent County,34213
MO,Douglas County,33374
MO,Dunklin County,31726
MO,Franklin County,59012
MO,Gasconade County,46035
MO,Gentry County,36275
MO,Greene County,50070
MO,Grundy County,37285
MO,Harrison County,35999
MO,Henry County,38093
MO,Hickory County,33009
MO,Holt County,38615
MO,Howard County,44077
MO,Howell County,34151
MO,Iron County,35675
MO,Jackson County,57427
MO,Jasper County,43141
MO,Jefferson County,66556
MO,Johnson County,47512
MO,Knox County,35654
MO,Laclede County,41487
MO,Lafayette County,50862
MO,Lawrence County,42561
MO,Lewis County,42421
MO,Lincoln County,57841
MO,Linn County,35807
MO,Livingston County,44631
MO,McDonald County,35693
MO,Macon County,41794
MO,Madison County,35256
MO,Maries County,39258
MO,Marion County,44163
MO,Mercer County,34285
MO,Miller County,39143
MO,Mississippi County,33316
MO,Moniteau County,45586
MO,Monroe County,40831
MO,Montgomery County,44794
MO,Morgan County,39499
MO,New Madrid County,36062
MO,Newton County,45901
MO,Nodaway County,41951
MO,Oregon County,28256
MO,Osage County,51509
MO,Ozark County,33848
MO,Pemiscot County,28681
MO,Perry County,49077
MO,Pettis County,45567
MO,Phelps County,43060
MO,Pike County,43664
MO,Platte County,78705
MO,Polk County,38497
MO,Pulaski County,44450
MO,Putnam County,32058
MO,Ralls County,45503
MO,Randolph County,44174
MO,Ray County,55924
MO,Reynolds County,35067
MO,Ripley County,28329
MO,St. Charles County,83104
MO,St. Clair County,35596
MO,Ste. Genevieve County,55074
MO,St. Francois County,42772
MO,St. Louis County,78610
MO,Saline County,44710
MO,Schuyler County,34491
MO,Scotland County,32873
MO,Scott County,42811
MO,Shannon County,30741
MO,Shelby County,37763
MO,Stoddard County,37646
MO,Stone County,43398
MO,Sullivan County,32630
MO,Taney County,41772
MO,Texas County,34549
MO,Vernon County,40495
MO,Warren County,59676
MO,Washington County,35291
MO,Wayne County,28483
MO,Webster County,42318
MO,Worth County,30036
MO,Wright County,32514
MO,St. Louis city,40118
MT,Beaverhead County,43143
MT,Big Horn County,39382
MT,Blaine County,38168
MT,Broadwater County,41765
MT,Carbon County,39260
MT,Carter County,33933
MT,Cascade County,48864
MT,Chouteau County,46105
MT,Custer County,44015
MT,Daniels County,44190
MT,Dawson County,48274
MT,Deer Lodge County,41815
MT,Fallon County,47755
MT,Fergus County,44118
MT,Flathead County,49782
MT,Gallatin County,48132
MT,Garfield County,35465
MT,Glacier County,38345
MT,Golden Valley County,37240
MT,Granite County,37685
MT,Hill County,52507
MT,Jefferson County,64740
MT,Judith Basin County,46551
MT,Lake County,40730
MT,Lewis and Clark County,54450
MT,Liberty County,51481
MT,Lincoln County,43087
MT,McCone County,42240
MT,Madison County,45495
MT,Meagher County,39042
MT,Mineral County,43169
MT,Missoula County,48221
MT,Musselshell County,34351
MT,Park County,46716
MT,Petroleum County,39625
MT,Phillips County,45864
MT,Pondera County,48520
MT,Powder River County,46089
MT,Powell County,44578
MT,Prairie County,34419
MT,Ravalli County,43530
MT,Richland County,47965
MT,Roosevelt County,40091
MT,Rosebud County,56064
MT,Sanders County,38382
MT,Sheridan County,42736
MT,Silver Bow County,43743
MT,Stillwater County,48621
MT,Sweet Grass County,43023
MT,Teton County,45508
MT,Toole County,51767
MT,Treasure County,37425
MT,Valley County,44908
MT,Wheatland County,34939
MT,Wibaux County,39947
MT,Yellowstone County,53487
MT,Yellowstone National Park,64431
NE,Adams County,50305
NE,Antelope County,38034
NE,Arthur County,39252
NE,Banner County,45722
NE,Blaine County,40650
NE,Boone County,44644
NE,Box Butte County,54623
NE,Boyd County,33667
NE,Brown County,35188
NE,Buffalo County,49481
NE,Burt County,43423
NE,Butler County,47971
NE,Cass County,58740
NE,Cedar County,43326
NE,Chase County,44303
NE,Cherry County,39095
NE,Cheyenne County,48246
NE,Clay County,47316
NE,Colfax County,45648
NE,Cuming County,44582
NE,Custer County,44204
NE,Dakota County,52363
NE,Dawes County,36667
NE,Dawson County,46225
NE,Deuel County,43858
NE,Dixon County,41332
NE,Dodge County,51167
NE,Douglas County,61559
NE,Dundy County,43856
NE,Fillmore County,47872
NE,Franklin County,42376
NE,Frontier County,41986
NE,Furnas County,37007
NE,Gage County,47165
NE,Garden County,38378
NE,Garfield County,35685
NE,Gosper County,52924
NE,Grant County,39304
NE,Greeley County,37623
NE,Hall County,52670
NE,Hamilton County,51598
NE,Harlan County,38097
NE,Hayes County,42330
NE,Hitchcock County,40689
NE,Holt County,41357
NE,Hooker County,38518
NE,Howard County,44716
NE,Jefferson County,44823
NE,Johnson County,41081
NE,Kearney County,56095
NE,Keith County,47233
NE,Keya Paha County,35467
NE,Kimball County,47899
NE,Knox County,36858
NE,Lancaster County,59604
NE,Lincoln County,53431
NE,Logan County,43813
NE,Loup County,36974
NE,McPherson County,36081
NE,Madison County,50433
NE,Merrick County,46427
NE,Morrill County,39994
NE,Nance County,42765
NE,Nemaha County,46149
NE,Nuckolls County,41751
NE,Otoe County,47811
NE,Pawnee County,37702
NE,Perkins County,47693
NE,Phelps County,55035
NE,Pierce County,45963
NE,Platte County,53860
NE,Polk County,53522
NE,Red Willow County,46052
NE,Richardson County,40248
NE,Rock County,39120
NE,Saline County,50421
NE,Sarpy County,73348
NE,Saunders County,53726
NE,Scotts Bluff County,44058
NE,Seward County,56080
NE,Sheridan County,39662
NE,Sherman County,35102
NE,Sioux County,38782
NE,Stanton County,50256
NE,Thayer County,41850
NE,Thomas County,35613
NE,Thurston County,38324
NE,Valley County,39588
NE,Washington County,61451
NE,Wayne County,43207
NE,Webster County,37831
NE,Wheeler County,46604
NE,York County,53033
NV,Churchill County,59806
NV,Clark County,63392
NV,Douglas County,72593
NV,Elko County,69513
NV,Esmeralda County,52734
NV,Eureka County,64012
NV,Humboldt County,68594
NV,Lander County,70076
NV,Lincoln County,43033
NV,Lyon County,51679
NV,Mineral County,54179
NV,Nye County,62289
NV,Pershing County,56738
NV,Storey County,66919
NV,Washoe County,65752
NV,White Pine County,56548
NV,Carson City,65091
NH,Belknap County,64893
NH,Carroll County,58029
NH,Cheshire County,65251
NH,Coos County,53394
NH,Grafton County,61988
NH,Hillsborough County,83304
NH,Merrimack County,73814
NH,Rockingham County,86350
NH,Strafford County,67651
NH,Sullivan County,59901
NJ,Atlantic County,69515
NJ,Bergen County,101541
NJ,Burlington County,87364
NJ,Camden County,74616
NJ,Cape May County,62750
NJ,Cumberland County,61823
NJ,Essex County,71169
NJ,Gloucester County,81208
NJ,Hudson County,63744
NJ,Hunterdon County,112632
NJ,Mercer County,85001
NJ,Middlesex County,94065
NJ,Monmouth County,94661
NJ,Morris County,116023
NJ,Ocean County,68266
NJ,Passaic County,77515
NJ,Salem County,68358
NJ,Somerset County,114469
NJ,Sussex County,100663
NJ,Union County,86164
NJ,Warren County,82325
NM,Bernalillo County,56456
NM,Catron County,38060
NM,Chaves County,44873
NM,Cibola County,34737
NM,Colfax County,42885
NM,Curry County,43922
NM,DeBaca County,32341
NM,Dona Ana County,45068
NM,Eddy County,48283
NM,Grant County,44019
NM,Guadalupe County,27525
NM,Harding County,39215
NM,Hidalgo County,48460
NM,Lea County,48147
NM,Lincoln County,40182
NM,Los Alamos County,112988
NM,Luna County,32337
NM,McKinley County,36015
NM,Mora County,26788
NM,Otero County,46646
NM,Quay County,38578
NM,Rio Arriba County,37881
NM,Roosevelt County,38553
NM,Sandoval County,59689
NM,San Juan County,45978
NM,San Miguel County,36875
NM,Santa Fe County,60623
NM,Sierra County,32188
NM,Socorro County,39514
NM,Taos County,34980
NM,Torrance County,40450
NM,Union County,37580
NM,Valencia County,50126
NY,Albany County,68777
NY,Allegany County,49821
NY,Bronx County,45244
NY,Broome County,59262
NY,Cattaraugus County,48289
NY,Cayuga County,56839
NY,Chautauqua County,49860
NY,Chemung County,53885
NY,Chenango County,53672
NY,Clinton County,55468
NY,Columbia County,61410
NY,Cortland County,55237
NY,Delaware County,49755
NY,Dutchess County,87111
NY,Erie County,57740
NY,Essex County,51549
NY,Franklin County,44928
NY,Fulton County,49198
NY,Genesee County,63823
NY,Greene County,56635
NY,Hamilton County,47823
NY,Herkimer County,47576
NY,Jefferson County,53460
NY,Kings County,52955
NY,Lewis County,52780
NY,Livingston County,63876
NY,Madison County,60920
NY,Monroe County,72857
NY,Montgomery County,49623
NY,Nassau County,111920
NY,New York County,66517
NY,Niagara County,58571
NY,Oneida County,55070
NY,Onondaga County,65530
NY,Ontario County,68313
NY,Orange County,80818
NY,Orleans County,58470
NY,Oswego County,59963
NY,Otsego County,51749
NY,Putnam County,110582
NY,Queens County,70484
NY,Rensselaer County,65891
NY,Richmond County,90432
NY,Rockland County,108720
NY,St. Lawrence County,49068
NY,Saratoga County,75534
NY,Schenectady County,65088
NY,Schoharie County,53765
NY,Schuyler County,53013
NY,Seneca County,58975
NY,Steuben County,52188
NY,Suffolk County,101292
NY,Sullivan County,56868
NY,Tioga County,64940
NY,Tompkins County,57198
NY,Ulster County,70169
NY,Warren County,62748
NY,Washington County,59091
NY,Wayne County,66944
NY,Westchester County,99801
NY,Wyoming County,56730
NY,Yates County,51285
NC,Alamance County,56144
NC,Alexander County,54718
NC,Alleghany County,38093
NC,Anson County,45021
NC,Ashe County,39073
NC,Avery County,42066
NC,Beaufort County,44819
NC,Bertie County,36689
NC,Bladen County,39205
NC,Brunswick County,48411
NC,Buncombe County,53291
NC,Burke County,53357
NC,Cabarrus County,62128
NC,Caldwell County,52969
NC,Camden County,55047
NC,Carteret County,53217
NC,Caswell County,46877
NC,Catawba County,60262
NC,Chatham County,58841
NC,Cherokee County,40462
NC,Chowan County,42054
NC,Clay County,38209
NC,Cleveland County,54588
NC,Columbus County,38077
NC,Craven County,52821
NC,Cumberland County,52497
NC,Currituck County,57534
NC,Dare County,60456
NC,Davidson County,57551
NC,Davie County,61150
NC,Duplin County,40607
NC,Durham County,62938
NC,Edgecombe County,44101
NC,Forsyth County,62779
NC,Franklin County,51646
NC,Gaston County,57990
NC,Gates County,48262
NC,Graham County,34543
NC,Granville County,54612
NC,Greene County,46809
NC,Guilford County,62159
NC,Halifax County,39033
NC,Harnett County,44829
NC,Haywood County,46312
NC,Henderson County,55600
NC,Hertford County,37483
NC,Hoke County,46947
NC,Hyde County,36421
NC,Iredell County,59023
NC,Jackson County,44369
NC,Johnston County,51893
NC,Jones County,39982
NC,Lee County,54470
NC,Lenoir County,43724
NC,Lincoln County,59095
NC,McDowell County,46518
NC,Macon County,42163
NC,Madison County,39083
NC,Martin County,41225
NC,Mecklenburg County,69750
NC,Mitchell County,42378
NC,Montgomery County,46765
NC,Moore County,57839
NC,Nash County,53264
NC,New Hanover County,56328
NC,Northampton County,37172
NC,Onslow County,48217
NC,Orange County,61788
NC,Pamlico County,43421
NC,Pasquotank County,44980
NC,Pender County,47978
NC,Perquimans County,41281
NC,Person County,52833
NC,Pitt County,48089
NC,Polk County,55258
NC,Randolph County,55936
NC,Richmond County,45262
NC,Robeson County,40650
NC,Rockingham County,52373
NC,Rowan County,54336
NC,Rutherford County,49128
NC,Sampson County,40636
NC,Scotland County,46516
NC,Stanly County,52316
NC,Stokes County,57617
NC,Surry County,48336
NC,Swain County,33129
NC,Transylvania County,51914
NC,Tyrrell County,33737
NC,Union County,63827
NC,Vance County,44442
NC,Wake County,74682
NC,Warren County,34920
NC,Washington County,45029
NC,Watauga County,41755
NC,Wayne County,48576
NC,Wilkes County,45897
NC,Wilson County,49526
NC,Yadkin County,51672
NC,Yancey County,40000
ND,Adams County,42724
ND,Barnes County,42099
ND,Benson County,34879
ND,Billings County,46677
ND,Bottineau County,45965
ND,Bowman County,44283
ND,Burke County,39504
ND,Burleigh County,58658
ND,Cass County,55268
ND,Cavalier County,43813
ND,Dickey County,41747
ND,Divide County,44343
ND,Dunn County,40873
ND,Eddy County,39813
ND,Emmons County,34827
ND,Foster County,42802
ND,Golden Valley County,41815
ND,Grand Forks County,51879
ND,Grant County,35809
ND,Griggs County,40033
ND,Hettinger County,40413
ND,Kidder County,35829
ND,LaMoure County,40638
ND,Logan County,40184
ND,McHenry County,37679
ND,McIntosh County,36695
ND,McKenzie County,50848
ND,McLean County,45056
ND,Mercer County,65913
ND,Morton County,48833
ND,Mountrail County,39996
ND,Nelson County,39916
ND,Oliver County,47421
ND,Pembina County,47949
ND,Pierce County,41681
ND,Ramsey County,44906
ND,Ransom County,47456
ND,Renville County,46718
ND,Richland County,49994
ND,Rolette County,31263
ND,Sargent County,49149
ND,Sheridan County,35349
ND,Sioux County,30592
ND,Slope County,37844
ND,Stark County,45458
ND,Steele County,48054
ND,Stutsman County,46215
ND,Towner County,38365
ND,Traill County,45462
ND,Walsh County,45303
ND,Ward County,47413
ND,Wells County,38283
ND,Williams County,47934
OH,Adams County,33644
OH,Allen County,56010
OH,Ashland County,54984
OH,Ashtabula County,49742
OH,Athens County,39522
OH,Auglaize County,62039
OH,Belmont County,43270
OH,Brown County,52134
OH,Butler County,66884
OH,Carroll County,53167
OH,Champaign County,64324
OH,Clark County,57200
OH,Clermont County,66936
OH,Clinton County,55992
OH,Columbiana County,48180
OH,Coshocton County,48693
OH,Crawford County,51505
OH,Cuyahoga County,58957
OH,Darke County,56988
OH,Defiance County,64957
OH,Delaware County,78133
OH,Erie County,62823
OH,Fairfield County,64501
OH,Fayette County,46811
OH,Franklin County,62627
OH,Fulton County,65750
OH,Gallia County,43240
OH,Geauga County,84766
OH,Greene County,72402
OH,Guernsey County,43592
OH,Hamilton County,60818
OH,Hancock County,65765
OH,Hardin County,50697
OH,Harrison County,41118
OH,Henry County,63981
OH,Highland County,44339
OH,Hocking County,46858
OH,Holmes County,52468
OH,Huron County,56495
OH,Jackson County,37726
OH,Jefferson County,45652
OH,Knox County,50928
OH,Lake County,73410
OH,Lawrence County,40110
OH,Licking County,61041
OH,Logan County,55373
OH,Lorain County,64117
OH,Lucas County,58235
OH,Madison County,61719
OH,Mahoning County,49611
OH,Marion County,54287
OH,Medina County,78519
OH,Meigs County,36508
OH,Mercer County,61066
OH,Miami County,64792
OH,Monroe County,42087
OH,Montgomery County,62082
OH,Morgan County,44114
OH,Morrow County,56324
OH,Muskingum County,49415
OH,Noble County,44569
OH,Ottawa County,64658
OH,Paulding County,58441
OH,Perry County,44363
OH,Pickaway County,58561
OH,Pike County,40176
OH,Portage County,62375
OH,Preble County,56868
OH,Putnam County,66992
OH,Richland County,56346
OH,Ross County,50072
OH,Sandusky County,59915
OH,Scioto County,36277
OH,Seneca County,55643
OH,Shelby County,63769
OH,Stark County,57425
OH,Summit County,59783
OH,Trumbull County,58113
OH,Tuscarawas County,51076
OH,Union County,68542
OH,Van Wert County,59054
OH,Vinton County,39310
OH,Warren County,75725
OH,Washington County,50423
OH,Wayne County,60183
OH,Williams County,58660
OH,Wood County,64321
OH,Wyandot County,56604
OK,Adair County,34815
OK,Alfalfa County,37951
OK,Atoka County,28654
OK,Beaver County,56435
OK,Beckham County,39491
OK,Blaine County,42050
OK,Bryan County,34246
OK,Caddo County,36817
OK,Canadian County,69802
OK,Carter County,44947
OK,Cherokee County,36108
OK,Choctaw County,25671
OK,Cimarron County,39530
OK,Cleveland County,61802
OK,Coal County,29230
OK,Comanche County,50262
OK,Cotton County,39128
OK,Craig County,39145
OK,Creek County,49060
OK,Custer County,46580
OK,Delaware County,38516
OK,Dewey County,39108
OK,Ellis County,41271
OK,Garfield County,47922
OK,Garvin County,38471
OK,Grady County,45122
OK,Grant County,44656
OK,Greer County,35071
OK,Harmon County,28617
OK,Harper County,47035
OK,Haskell County,32147
OK,Hughes County,31273
OK,Jackson County,44771
OK,Jefferson County,32067
OK,Johnston County,31471
OK,Kay County,50091
OK,Kingfisher County,52301
OK,Kiowa County,33652
OK,Latimer County,36034
OK,Le Flore County,38827
OK,Lincoln County,44359
OK,Logan County,49586
OK,Love County,41895
OK,McClain County,52446
OK,McCurtain County,33840
OK,McIntosh County,36572
OK,Major County,48592
OK,Marshall County,33590
OK,Mayes County,43728
OK,Murray County,37774
OK,Muskogee County,42075
OK,Noble County,47889
OK,Nowata County,37677
OK,Okfuskee County,32448
OK,Oklahoma County,53872
OK,Okmulgee County,35809
OK,Osage County,50755
OK,Ottawa County,36526
OK,Pawnee County,43708
OK,Payne County,40392
OK,Pittsburg County,38980
OK,Pontotoc County,36999
OK,Pottawatomie County,45182
OK,Pushmataha County,28067
OK,Roger Mills County,41454
OK,Rogers County,60594
OK,Seminole County,35065
OK,Sequoyah County,38021
OK,Stephens County,46693
OK,Texas County,48631
OK,Tillman County,36697
OK,Tulsa County,56138
OK,Wagoner County,58852
OK,Washington County,59497
OK,Washita County,37906
OK,Woods County,40745
OK,Woodward County,49062
OR,Baker County,45668
OR,Benton County,56276
OR,Clackamas County,73026
OR,Clatsop County,51823
OR,Columbia County,60837
OR,Coos County,45660
OR,Crook County,50050
OR,Curry County,46553
OR,Deschutes County,56322
OR,Douglas County,48850
OR,Gilliam County,49524
OR,Grant County,50802
OR,Harney County,46048
OR,Hood River County,52043
OR,Jackson County,51687
OR,Jefferson County,48518
OR,Josephine County,43165
OR,Klamath County,47532
OR,Lake County,50841
OR,Lane County,52097
OR,Lincoln County,47180
OR,Linn County,51975
OR,Malheur County,41734
OR,Marion County,55412
OR,Morrow County,49419
OR,Multnomah County,55520
OR,Polk County,54208
OR,Sherman County,51606
OR,Tillamook County,45287
OR,Umatilla County,46990
OR,Union County,46357
OR,Wallowa County,43916
OR,Wasco County,51355
OR,Washington County,73305
OR,Wheeler County,31388
OR,Yamhill County,58355
PA,Adams County,62480
PA,Allegheny County,58010
PA,Armstrong County,46501
PA,Beaver County,50052
PA,Bedford County,44580
PA,Berks County,66076
PA,Blair County,47980
PA,Bradford County,49421
PA,Bucks County,89372
PA,Butler County,60530
PA,Cambria County,44250
PA,Cameron County,42965
PA,Carbon County,52577
PA,Centre County,53730
PA,Chester County,94104
PA,Clarion County,44539
PA,Clearfield County,44891
PA,Clinton County,45623
PA,Columbia County,49918
PA,Crawford County,47592
PA,Cumberland County,71117
PA,Dauphin County,63884
PA,Delaware County,76981
PA,Elk County,51268
PA,Erie County,54804
PA,Fayette County,39576
PA,Forest County,39524
PA,Franklin County,59392
PA,Fulton County,48938
PA,Greene County,41036
PA,Huntingdon County,47559
PA,Indiana County,47351
PA,Jefferson County,45489
PA,Juniata County,52285
PA,Lackawanna County,51165
PA,Lancaster County,68565
PA,Lawrence County,46013
PA,Lebanon County,60759
PA,Lehigh County,66915
PA,Luzerne County,48658
PA,Lycoming County,52683
PA,Mc Kean County,47639
PA,Mercer County,50718
PA,Mifflin County,46963
PA,Monroe County,66936
PA,Montgomery County,90141
PA,Montour County,56204
PA,Northampton County,67812
PA,Northumberland County,45615
PA,Perry County,60903
PA,Philadelphia County,50726
PA,Pike County,62501
PA,Potter County,44075
PA,Schuylkill County,47479
PA,Snyder County,53326
PA,Somerset County,44687
PA,Sullivan County,41456
PA,Susquehanna County,51000
PA,Tioga County,46536
PA,Union County,56951
PA,Venango County,46582
PA,Warren County,54330
PA,Washington County,52511
PA,Wayne County,51363
PA,Westmoreland County,53062
PA,Wyoming County,56095
PA,York County,67224
RI,Bristol County,77397
RI,Kent County,74369
RI,Newport County,73872
RI,Providence County,60988
RI,Washington County,76179
SC,Abbeville County,47771
SC,Aiken County,61841
SC,Allendale County,30953
SC,Anderson County,53087
SC,Bamberg County,36073
SC,Barnwell County,48454
SC,Beaufort County,62781
SC,Berkeley County,60010
SC,Calhoun County,48967
SC,Charleston County,55410
SC,Cherokee County,50833
SC,Chester County,47532
SC,Chesterfield County,43440
SC,Clarendon County,36380
SC,Colleton County,42508
SC,Darlington County,46683
SC,Dillon County,37864
SC,Dorchester County,63429
SC,Edgefield County,47464
SC,Fairfield County,44295
SC,Florence County,50027
SC,Georgetown County,49444
SC,Greenville County,59973
SC,Greenwood County,48625
SC,Hampton County,38380
SC,Horry County,51460
SC,Jasper County,37258
SC,Kershaw County,58311
SC,Lancaster County,52204
SC,Laurens County,51349
SC,Lee County,37471
SC,Lexington County,67862
SC,McCormick County,39640
SC,Marion County,36751
SC,Marlboro County,37252
SC,Newberry County,48256
SC,Oconee County,53035
SC,Orangeburg County,41681
SC,Pickens County,54299
SC,Richland County,59478
SC,Saluda County,45722
SC,Spartanburg County,55546
SC,Sumter County,46157
SC,Union County,44382
SC,Williamsburg County,37955
SC,York County,64509
SD,Aurora County,34013
SD,Beadle County,46235
SD,Bennett County,34770
SD,Bon Homme County,36654
SD,Brookings County,44961
SD,Brown County,47353
SD,Brule County,43677
SD,Buffalo County,30032
SD,Butte County,40846
SD,Campbell County,35467
SD,Charles Mix County,34104
SD,Clark County,39246
SD,Clay County,39982
SD,Codington County,44980
SD,Corson County,29533
SD,Custer County,46724
SD,Davison County,42747
SD,Day County,38679
SD,Deuel County,36667
SD,Dewey County,30100
SD,Douglas County,35188
SD,Edmunds County,42409
SD,Fall River County,42231
SD,Faulk County,38574
SD,Grant County,48310
SD,Gregory County,34737
SD,Haakon County,43640
SD,Hamlin County,41130
SD,Hand County,39813
SD,Hanson County,45194
SD,Harding County,41683
SD,Hughes County,55788
SD,Hutchinson County,38827
SD,Hyde County,41044
SD,Jackson County,35557
SD,Jerauld County,38324
SD,Jones County,43714
SD,Kingsbury County,41833
SD,Lake County,48811
SD,Lawrence County,51163
SD,Lincoln County,58849
SD,Lyman County,45345
SD,McCook County,42811
SD,McPherson County,31638
SD,Marshall County,37741
SD,Meade County,50868
SD,Mellette County,29976
SD,Miner County,38658
SD,Minnehaha County,57243
SD,Moody County,49330
SD,Pennington County,52246
SD,Perkins County,40951
SD,Potter County,42625
SD,Roberts County,36040
SD,Sanborn County,40860
SD,Shannon County,22896
SD,Spink County,39994
SD,Stanley County,46021
SD,Sully County,48660
SD,Todd County,27477
SD,Tripp County,41405
SD,Turner County,41083
SD,Union County,45924
SD,Walworth County,40231
SD,Yankton County,44943
SD,Ziebach County,29131
TN,Anderson County,54629
TN,Bedford County,48685
TN,Benton County,42023
TN,Bledsoe County,37627
TN,Blount County,52730
TN,Bradley County,52942
TN,Campbell County,33916
TN,Cannon County,47105
TN,Carroll County,42809
TN,Carter County,39462
TN,Cheatham County,63458
TN,Chester County,40025
TN,Claiborne County,35322
TN,Clay County,36697
TN,Cocke County,34675
TN,Coffee County,51136
TN,Crockett County,41846
TN,Cumberland County,42213
TN,Davidson County,58507
TN,Decatur County,36957
TN,DeKalb County,39974
TN,Dickson County,50347
TN,Dyer County,45576
TN,Fayette County,45769
TN,Fentress County,28708
TN,Franklin County,48324
TN,Gibson County,43169
TN,Giles County,45520
TN,Grainger County,39374
TN,Greene County,44355
TN,Grundy County,33865
TN,Hamblen County,49180
TN,Hamilton County,54685
TN,Hancock County,24374
TN,Hardeman County,39438
TN,Hardin County,36533
TN,Hawkins County,45277
TN,Haywood County,35825
TN,Henderson County,43501
TN,Henry County,38949
TN,Hickman County,44466
TN,Houston County,41466
TN,Humphreys County,45887
TN,Jackson County,37279
TN,Jefferson County,45811
TN,Johnson County,30858
TN,Knox County,53627
TN,Lake County,34646
TN,Lauderdale County,39116
TN,Lawrence County,42972
TN,Lewis County,35796
TN,Lincoln County,45351
TN,Loudon County,50015
TN,McMinn County,45155
TN,McNairy County,38586
TN,Macon County,39477
TN,Madison County,48897
TN,Marion County,41328
TN,Marshall County,49184
TN,Maury County,54097
TN,Meigs County,41609
TN,Monroe County,41095
TN,Montgomery County,52716
TN,Moore County,57845
TN,Morgan County,39751
TN,Obion County,46068
TN,Overton County,37716
TN,Perry County,39254
TN,Pickett County,30912
TN,Polk County,44664
TN,Putnam County,44726
TN,Rhea County,41060
TN,Roane County,49916
TN,Robertson County,59146
TN,Rutherford County,63664
TN,Scott County,32696
TN,Sequatchie County,39633
TN,Sevier County,47507
TN,Shelby County,55940
TN,Smith County,47947
TN,Stewart County,42889
TN,Sullivan County,51728
TN,Sumner County,65554
TN,Tipton County,49194
TN,Trousdale County,41497
TN,Unicoi County,42341
TN,Union County,40400
TN,Van Buren County,42629
TN,Warren County,43336
TN,Washington County,48860
TN,Wayne County,37996
TN,Weakley County,43306
TN,White County,40976
TN,Williamson County,89925
TN,Wilson County,67734
TX,Anderson County,46879
TX,Andrews County,54501
TX,Angelina County,47392
TX,Aransas County,43947
TX,Archer County,51815
TX,Armstrong County,47588
TX,Atascosa County,41334
TX,Austin County,51633
TX,Bailey County,40974
TX,Bandera County,50866
TX,Bastrop County,49415
TX,Baylor County,35520
TX,Bee County,42501
TX,Bell County,48978
TX,Bexar County,53454
TX,Blanco County,45971
TX,Borden County,60565
TX,Bosque County,44145
TX,Bowie County,49971
TX,Brazoria County,70963
TX,Brazos County,42083
TX,Brewster County,36258
TX,Briscoe County,36485
TX,Brooks County,27852
TX,Brown County,39774
TX,Burleson County,40792
TX,Burnet County,44163
TX,Caldwell County,41584
TX,Calhoun County,46815
TX,Callahan County,42704
TX,Cameron County,35743
TX,Camp County,40561
TX,Carson County,55184
TX,Cass County,41000
TX,Castro County,36778
TX,Chambers County,65299
TX,Cherokee County,39784
TX,Childress County,33176
TX,Clay County,48907
TX,Cochran County,39794
TX,Coke County,39627
TX,Coleman County,31997
TX,Collin County,94884
TX,Collingsworth County,31795
TX,Colorado County,42875
TX,Comal County,60734
TX,Comanche County,36089
TX,Concho County,32869
TX,Cooke County,50565
TX,Coryell County,48460
TX,Cottle County,32129
TX,Crane County,63212
TX,Crockett County,39353
TX,Crosby County,35384
TX,Culberson County,34141
TX,Dallam County,40749
TX,Dallas County,65163
TX,Dawson County,39009
TX,Deaf Smith County,43662
TX,Delta County,41664
TX,Denton County,76109
TX,DeWitt County,37196
TX,Dickens County,29863
TX,Dimmit County,25199
TX,Donley County,34528
TX,Duval County,28044
TX,Eastland County,32522
TX,Ector County,49072
TX,Edwards County,30182
TX,Ellis County,62994
TX,El Paso County,46687
TX,Erath County,40990
TX,Falls County,35518
TX,Fannin County,42615
TX,Fayette County,41159
TX,Fisher County,39932
TX,Floyd County,39557
TX,Foard County,38582
TX,Fort Bend County,88263
TX,Franklin County,47633
TX,Freestone County,44454
TX,Frio County,28986
TX,Gaines County,46050
TX,Galveston County,60752
TX,Garza County,39161
TX,Gillespie County,48910
TX,Glasscock County,60423
TX,Goliad County,44145
TX,Gonzales County,36081
TX,Gray County,49726
TX,Grayson County,52041
TX,Gregg County,52542
TX,Grimes County,42520
TX,Guadalupe County,55258
TX,Hale County,43675
TX,Hall County,28838
TX,Hamilton County,37444
TX,Hansford County,53167
TX,Hardeman County,38467
TX,Hardin County,52140
TX,Harris County,63853
TX,Harrison County,46648
TX,Hartley County,59433
TX,Haskell County,39970
TX,Hays County,52559
TX,Hemphill County,59167
TX,Henderson County,42776
TX,Hidalgo County,34438
TX,Hill County,41374
TX,Hockley County,48891
TX,Hood County,65208
TX,Hopkins County,42825
TX,Houston County,37396
TX,Howard County,47720
TX,Hudspeth County,31753
TX,Hunt County,52198
TX,Hutchinson County,55085
TX,Irion County,50060
TX,Jack County,44590
TX,Jackson County,42652
TX,Jasper County,42165
TX,Jeff Davis County,39163
TX,Jefferson County,51817
TX,Jim Hogg County,30316
TX,Jim Wells County,37761
TX,Johnson County,63115
TX,Jones County,39730
TX,Karnes County,33308
TX,Kaufman County,56245
TX,Kendall County,56561
TX,Kenedy County,34019
TX,Kent County,40221
TX,Kerr County,47844
TX,Kimble County,36190
TX,King County,56957
TX,Kinney County,32473
TX,Kleberg County,45126
TX,Knox County,35813
TX,Lamar County,44433
TX,Lamb County,39174
TX,Lampasas County,46538
TX,La Salle County,32195
TX,Lavaca County,41122
TX,Lee County,44437
TX,Leon County,41549
TX,Liberty County,46672
TX,Limestone County,40452
TX,Lipscomb County,50819
TX,Live Oak County,43087
TX,Llano County,39260
TX,Loving County,54767
TX,Lubbock County,50159
TX,Lynn County,36747
TX,McCulloch County,34110
TX,McLennan County,46730
TX,McMullen County,60214
TX,Madison County,36778
TX,Marion County,31520
TX,Martin County,42464
TX,Mason County,31681
TX,Matagorda County,52303
TX,Maverick County,25281
TX,Medina County,46297
TX,Menard County,29423
TX,Midland County,64253
TX,Milam County,37844
TX,Mills County,36201
TX,Mitchell County,36287
TX,Montague County,39285
TX,Montgomery County,66501
TX,Moore County,56629
TX,Morris County,41019
TX,Motley County,34597
TX,Nacogdoches County,39875
TX,Navarro County,44285
TX,Newton County,34341
TX,Nolan County,41957
TX,Nueces County,52239
TX,Ochiltree County,54332
TX,Oldham County,58074
TX,Orange County,54767
TX,Palo Pinto County,42038
TX,Panola County,43353
TX,Parker County,63074
TX,Parmer County,40704
TX,Pecos County,43648
TX,Polk County,39108
TX,Potter County,42209
TX,Presidio County,26836
TX,Rains County,44825
TX,Randall County,64888
TX,Reagan County,58938
TX,Real County,35933
TX,Red River County,33436
TX,Reeves County,37013
TX,Refugio County,42747
TX,Roberts County,62272
TX,Robertson County,35475
TX,Rockwall County,87455
TX,Runnels County,39891
TX,Rusk County,45794
TX,Sabine County,36106
TX,San Augustine County,31203
TX,San Jacinto County,40961
TX,San Patricio County,47140
TX,San Saba County,29817
TX,Schleicher County,44732
TX,Scurry County,49578
TX,Shackelford County,38706
TX,Shelby County,35970
TX,Sherman County,47431
TX,Smith County,53130
TX,Somervell County,60903
TX,Starr County,20993
TX,Stephens County,39592
TX,Sterling County,51973
TX,Stonewall County,43730
TX,Sutton County,43159
TX,Swisher County,40347
TX,Tarrant County,66668
TX,Taylor County,50846
TX,Terrell County,43736
TX,Terry County,46167
TX,Throckmorton County,38852
TX,Titus County,45716
TX,Tom Green County,50202
TX,Travis County,56674
TX,Trinity County,34974
TX,Tyler County,42569
TX,Upshur County,45130
TX,Upton County,50188
TX,Uvalde County,37114
TX,Val Verde County,37198
TX,Van Zandt County,43446
TX,Victoria County,55555
TX,Walker County,44598
TX,Waller County,46048
TX,Ward County,45916
TX,Washington County,47528
TX,Webb County,37264
TX,Wharton County,49268
TX,Wheeler County,41458
TX,Wichita County,49274
TX,Wilbarger County,43062
TX,Willacy County,30081
TX,Williamson County,69472
TX,Wilson County,47800
TX,Winkler County,46114
TX,Wise County,53369
TX,Wood County,43147
TX,Yoakum County,54518
TX,Young County,44761
TX,Zapata County,30774
TX,Zavala County,24374
UT,Beaver County,43487
UT,Box Elder County,69004
UT,Cache County,55563
UT,Carbon County,52689
UT,Daggett County,47299
UT,Davis County,72385
UT,Duchesne County,48767
UT,Emery County,62936
UT,Garfield County,43627
UT,Grand County,44730
UT,Iron County,47802
UT,Juab County,48594
UT,Kane County,43574
UT,Millard County,54382
UT,Morgan County,68604
UT,Piute County,39431
UT,Rich County,51421
UT,Salt Lake County,62161
UT,San Juan County,35646
UT,Sanpete County,41642
UT,Sevier County,48039
UT,Summit County,75783
UT,Tooele County,62221
UT,Uintah County,49417
UT,Utah County,56559
UT,Wasatch County,57691
UT,Washington County,50724
UT,Wayne County,41236
UT,Weber County,62111
VT,Addison County,62084
VT,Bennington County,58730
VT,Caledonia County,52279
VT,Chittenden County,76032
VT,Essex County,46097
VT,Franklin County,58557
VT,Grand Isle County,62959
VT,Lamoille County,56318
VT,Orange County,57738
VT,Orleans County,47027
VT,Rutland County,58202
VT,Washington County,61076
VT,Windham County,57250
VT,Windsor County,60324
VA,Accomack County,42124
VA,Albemarle County,76051
VA,Alleghany County,54608
VA,Amelia County,54868
VA,Amherst County,57258
VA,Appomattox County,52806
VA,Arlington County,91956
VA,Augusta County,60769
VA,Bath County,49901
VA,Bedford County,63322
VA,Bland County,48631
VA,Botetourt County,68202
VA,Brunswick County,40048
VA,Buchanan County,40928
VA,Buckingham County,46722
VA,Campbell County,56105
VA,Caroline County,59656
VA,Carroll County,44460
VA,Charles City County,60913
VA,Charlotte County,42227
VA,Chesterfield County,89902
VA,Clarke County,71412
VA,Craig County,51763
VA,Culpeper County,69117
VA,Cumberland County,45596
VA,Dickenson County,33590
VA,Dinwiddie County,60592
VA,Essex County,53759
VA,Fairfax County,122231
VA,Fauquier County,93238
VA,Floyd County,47355
VA,Fluvanna County,64695
VA,Franklin County,54342
VA,Frederick County,67639
VA,Giles County,49740
VA,Gloucester County,65134
VA,Goochland County,74717
VA,Grayson County,39842
VA,Greene County,61439
VA,Greensville County,45598
VA,Halifax County,45969
VA,Hanover County,83880
VA,Henrico County,73408
VA,Henry County,53264
VA,Highland County,43097
VA,Isle of Wight County,60138
VA,James City County,82028
VA,King and Queen County,53101
VA,King George County,73309
VA,King William County,69433
VA,Lancaster County,56235
VA,Lee County,30139
VA,Loudoun County,107345
VA,Louisa County,53955
VA,Lunenburg County,40120
VA,Madison County,54971
VA,Mathews County,56551
VA,Mecklenburg County,43093
VA,Middlesex County,51889
VA,Montgomery County,47316
VA,Nelson County,48874
VA,New Kent County,79179
VA,Northampton County,37353
VA,Northumberland County,47555
VA,Nottoway County,44893
VA,Orange County,65528
VA,Page County,51485
VA,Patrick County,45951
VA,Pittsylvania County,52751
VA,Powhatan County,77098
VA,Prince Edward County,44112
VA,Prince George County,71802
VA,Prince William County,101791
VA,Pulaski County,48079
VA,Rappahannock County,66754
VA,Richmond County,50685
VA,Roanoke County,76051
VA,Rockbridge County,51452
VA,Rockingham County,61105
VA,Russell County,36809
VA,Scott County,37825
VA,Shenandoah County,54693
VA,Smyth County,43116
VA,Southampton County,54382
VA,Spotsylvania County,85238
VA,Stafford County,92082
VA,Surry County,51600
VA,Sussex County,42953
VA,Tazewell County,40555
VA,Warren County,64043
VA,Washington County,45728
VA,Westmoreland County,50831
VA,Wise County,40398
VA,Wythe County,43223
VA,York County,83220
VA,Alexandria city,85506
VA,Bedford city,46982
VA,Bristol city,39640
VA,Buena Vista city,49336
VA,Charlottesville city,49874
VA,Chesapeake city,73682
VA,Clifton Forge city,42594
VA,Colonial Heights city,71074
VA,Covington city,43118
VA,Danville city,42087
VA,Emporia city,43316
VA,Fairfax city,104972
VA,Falls Church city,105174
VA,Franklin city,41972
VA,Fredericksburg city,54872
VA,Galax city,41778
VA,Hampton city,62150
VA,Harrisonburg city,52188
VA,Hopewell city,55532
VA,Lexington city,44042
VA,Lynchburg city,48918
VA,Manassas city,96232
VA,Manassas Park city,80566
VA,Martinsville city,46279
VA,Newport News city,56635
VA,Norfolk city,48582
VA,Norton city,31875
VA,Petersburg city,43934
VA,Poquoson city,89143
VA,Portsmouth city,50722
VA,Radford city,40178
VA,Richmond city,48557
VA,Roanoke city,46578
VA,Salem city,59889
VA,South Boston city,42062
VA,Staunton city,52299
VA,Suffolk city,53864
VA,Virginia Beach city,74783
VA,Waynesboro city,54984
VA,Williamsburg city,52355
VA,Winchester city,53784
WA,Adams County,50728
WA,Asotin County,47209
WA,Benton County,67200
WA,Chelan County,50126
WA,Clallam County,52439
WA,Clark County,65565
WA,Columbia County,46221
WA,Cowlitz County,57454
WA,Douglas County,55779
WA,Ferry County,51895
WA,Franklin County,50728
WA,Garfield County,51866
WA,Grant County,46126
WA,Grays Harbor County,47507
WA,Island County,60124
WA,Jefferson County,51951
WA,King County,74593
WA,Kitsap County,66066
WA,Kittitas County,42244
WA,Klickitat County,47446
WA,Lewis County,50328
WA,Lincoln County,50755
WA,Mason County,54233
WA,Okanogan County,41860
WA,Pacific County,41295
WA,Pend Oreille County,42901
WA,Pierce County,62703
WA,San Juan County,64488
WA,Skagit County,58532
WA,Skamania County,59334
WA,Snohomish County,75971
WA,Spokane County,53130
WA,Stevens County,50390
WA,Thurston County,63866
WA,Wahkiakum County,55604
WA,Walla Walla County,50336
WA,Whatcom County,58487
WA,Whitman County,44687
WA,Yakima County,48683
WV,Barbour County,32178
WV,Berkeley County,56518
WV,Boone County,35201
WV,Braxton County,33728
WV,Brooke County,54637
WV,Cabell County,43823
WV,Calhoun County,29887
WV,Clay County,26504
WV,Doddridge County,35378
WV,Fayette County,34584
WV,Gilmer County,29976
WV,Grant County,43139
WV,Greenbrier County,40021
WV,Hampshire County,42788
WV,Hancock County,53670
WV,Hardy County,42772
WV,Harrison County,41992
WV,Jackson County,44648
WV,Jefferson County,63794
WV,Kanawha County,49481
WV,Lewis County,37054
WV,Lincoln County,30223
WV,Logan County,36992
WV,McDowell County,27094
WV,Marion County,42031
WV,Marshall County,46776
WV,Mason County,41514
WV,Mercer County,39926
WV,Mineral County,45433
WV,Mingo County,33124
WV,Monongalia County,45736
WV,Monroe County,37559
WV,Morgan County,50250
WV,Nicholas County,37351
WV,Ohio County,46367
WV,Pendleton County,40339
WV,Pleasants County,43112
WV,Pocahontas County,35539
WV,Preston County,41112
WV,Putnam County,56503
WV,Raleigh County,40341
WV,Randolph County,37685
WV,Ritchie County,35737
WV,Roane County,31700
WV,Summers County,33931
WV,Taylor County,37036
WV,Tucker County,37007
WV,Tyler County,41978
WV,Upshur County,38636
WV,Wayne County,40592
WV,Webster County,27568
WV,Wetzel County,44421
WV,Wirt County,34949
WV,Wood County,51876
WV,Wyoming County,35561
WI,Adams County,44427
WI,Ashland County,39198
WI,Barron County,46534
WI,Bayfield County,42609
WI,Brown County,64540
WI,Buffalo County,48602
WI,Burnett County,41551
WI,Calumet County,70204
WI,Chippewa County,53314
WI,Clark County,45724
WI,Columbia County,58472
WI,Crawford County,44196
WI,Dane County,67427
WI,Dodge County,60134
WI,Door County,54140
WI,Douglas County,45611
WI,Dunn County,50415
WI,Eau Claire County,53371
WI,Florence County,46217
WI,Fond du Lac County,60701
WI,Forest County,34858
WI,Grant County,50524
WI,Green County,58627
WI,Green Lake County,53004
WI,Iowa County,53429
WI,Iron County,36157
WI,Jackson County,44141
WI,Jefferson County,63398
WI,Juneau County,45510
WI,Kenosha County,63169
WI,Kewaunee County,55518
WI,La Crosse County,55373
WI,Lafayette County,50470
WI,Langlade County,42685
WI,Lincoln County,51905
WI,Manitowoc County,56631
WI,Marathon County,62148
WI,Marinette County,46176
WI,Marquette County,45842
WI,Menominee County,29116
WI,Milwaukee County,57456
WI,Monroe County,51130
WI,Oconto County,47270
WI,Oneida County,49279
WI,Outagamie County,69626
WI,Ozaukee County,88028
WI,Pepin County,47404
WI,Pierce County,62926
WI,Polk County,50033
WI,Portage County,59144
WI,Price County,46724
WI,Racine County,67526
WI,Richland County,45248
WI,Rock County,63157
WI,Rusk County,40446
WI,St. Croix County,75701
WI,Sauk County,54054
WI,Sawyer County,37306
WI,Shawano County,49155
WI,Sheboygan County,65159
WI,Taylor County,50109
WI,Trempealeau County,49202
WI,Vernon County,44427
WI,Vilas County,41961
WI,Walworth County,62565
WI,Washburn County,41157
WI,Washington County,79237
WI,Waukesha County,91884
WI,Waupaca County,53777
WI,Waushara County,45128
WI,Winnebago County,61868
WI,Wood County,61307
WY,Albany County,42710
WY,Big Horn County,44233
WY,Campbell County,76399
WY,Carbon County,55893
WY,Converse County,57138
WY,Crook County,48328
WY,Fremont County,45895
WY,Goshen County,44844
WY,Hot Springs County,50514
WY,Johnson County,45683
WY,Laramie County,56845
WY,Lincoln County,58736
WY,Natrona County,56876
WY,Niobrara County,43188
WY,Park County,53487
WY,Platte County,44992
WY,Sheridan County,51074
WY,Sublette County,55307
WY,Sweetwater County,74657
WY,Teton County,65124
WY,Uinta County,68573
WY,Washakie County,51899
WY,Weston County,54045